--
-- PostgreSQL database dump
--

\restrict 9X28UGlIABeh9e1LC9eL5P3XPkZYqH0Ebj0Pb4ThNMbpHGUxpEQL9lB638xpjnx

-- Dumped from database version 14.21 (Homebrew)
-- Dumped by pg_dump version 14.21 (Homebrew)

SET statement_timeout = 0;
SET lock_timeout = 0;
SET idle_in_transaction_session_timeout = 0;
SET client_encoding = 'UTF8';
SET standard_conforming_strings = on;
SELECT pg_catalog.set_config('search_path', '', false);
SET check_function_bodies = false;
SET xmloption = content;
SET client_min_messages = warning;
SET row_security = off;

SET default_tablespace = '';

SET default_table_access_method = heap;

--
-- Name: applications; Type: TABLE; Schema: public; Owner: adityasingh
--

CREATE TABLE public.applications (
    id integer NOT NULL,
    job_id integer,
    candidate_id integer,
    skill_match_score double precision,
    experience_years integer,
    final_score double precision,
    status character varying(50),
    created_at timestamp without time zone DEFAULT CURRENT_TIMESTAMP,
    rejection_feedback text
);


ALTER TABLE public.applications OWNER TO adityasingh;

--
-- Name: applications_id_seq; Type: SEQUENCE; Schema: public; Owner: adityasingh
--

CREATE SEQUENCE public.applications_id_seq
    AS integer
    START WITH 1
    INCREMENT BY 1
    NO MINVALUE
    NO MAXVALUE
    CACHE 1;


ALTER TABLE public.applications_id_seq OWNER TO adityasingh;

--
-- Name: applications_id_seq; Type: SEQUENCE OWNED BY; Schema: public; Owner: adityasingh
--

ALTER SEQUENCE public.applications_id_seq OWNED BY public.applications.id;


--
-- Name: candidate_analysis; Type: TABLE; Schema: public; Owner: adityasingh
--

CREATE TABLE public.candidate_analysis (
    id integer NOT NULL,
    resume_id integer,
    job_id integer,
    score integer,
    matched_skills jsonb,
    missing_skills jsonb,
    suggestions jsonb,
    created_at timestamp without time zone DEFAULT CURRENT_TIMESTAMP
);


ALTER TABLE public.candidate_analysis OWNER TO adityasingh;

--
-- Name: candidate_analysis_id_seq; Type: SEQUENCE; Schema: public; Owner: adityasingh
--

CREATE SEQUENCE public.candidate_analysis_id_seq
    AS integer
    START WITH 1
    INCREMENT BY 1
    NO MINVALUE
    NO MAXVALUE
    CACHE 1;


ALTER TABLE public.candidate_analysis_id_seq OWNER TO adityasingh;

--
-- Name: candidate_analysis_id_seq; Type: SEQUENCE OWNED BY; Schema: public; Owner: adityasingh
--

ALTER SEQUENCE public.candidate_analysis_id_seq OWNED BY public.candidate_analysis.id;


--
-- Name: jobs; Type: TABLE; Schema: public; Owner: adityasingh
--

CREATE TABLE public.jobs (
    id integer NOT NULL,
    recruiter_id integer,
    title character varying(200),
    description text,
    required_skills jsonb,
    skill_weights jsonb,
    created_at timestamp without time zone DEFAULT CURRENT_TIMESTAMP,
    min_match_score integer DEFAULT 75,
    min_experience_years integer DEFAULT 0
);


ALTER TABLE public.jobs OWNER TO adityasingh;

--
-- Name: jobs_id_seq; Type: SEQUENCE; Schema: public; Owner: adityasingh
--

CREATE SEQUENCE public.jobs_id_seq
    AS integer
    START WITH 1
    INCREMENT BY 1
    NO MINVALUE
    NO MAXVALUE
    CACHE 1;


ALTER TABLE public.jobs_id_seq OWNER TO adityasingh;

--
-- Name: jobs_id_seq; Type: SEQUENCE OWNED BY; Schema: public; Owner: adityasingh
--

ALTER SEQUENCE public.jobs_id_seq OWNED BY public.jobs.id;


--
-- Name: resumes; Type: TABLE; Schema: public; Owner: adityasingh
--

CREATE TABLE public.resumes (
    id integer NOT NULL,
    user_id integer,
    file_path text,
    uploaded_at timestamp without time zone DEFAULT CURRENT_TIMESTAMP
);


ALTER TABLE public.resumes OWNER TO adityasingh;

--
-- Name: resumes_id_seq; Type: SEQUENCE; Schema: public; Owner: adityasingh
--

CREATE SEQUENCE public.resumes_id_seq
    AS integer
    START WITH 1
    INCREMENT BY 1
    NO MINVALUE
    NO MAXVALUE
    CACHE 1;


ALTER TABLE public.resumes_id_seq OWNER TO adityasingh;

--
-- Name: resumes_id_seq; Type: SEQUENCE OWNED BY; Schema: public; Owner: adityasingh
--

ALTER SEQUENCE public.resumes_id_seq OWNED BY public.resumes.id;


--
-- Name: users; Type: TABLE; Schema: public; Owner: adityasingh
--

CREATE TABLE public.users (
    id integer NOT NULL,
    name character varying(100),
    email character varying(100),
    password_hash text,
    role character varying(20),
    experience_years integer,
    created_at timestamp without time zone DEFAULT CURRENT_TIMESTAMP,
    profile_photo text
);


ALTER TABLE public.users OWNER TO adityasingh;

--
-- Name: users_id_seq; Type: SEQUENCE; Schema: public; Owner: adityasingh
--

CREATE SEQUENCE public.users_id_seq
    AS integer
    START WITH 1
    INCREMENT BY 1
    NO MINVALUE
    NO MAXVALUE
    CACHE 1;


ALTER TABLE public.users_id_seq OWNER TO adityasingh;

--
-- Name: users_id_seq; Type: SEQUENCE OWNED BY; Schema: public; Owner: adityasingh
--

ALTER SEQUENCE public.users_id_seq OWNED BY public.users.id;


--
-- Name: applications id; Type: DEFAULT; Schema: public; Owner: adityasingh
--

ALTER TABLE ONLY public.applications ALTER COLUMN id SET DEFAULT nextval('public.applications_id_seq'::regclass);


--
-- Name: candidate_analysis id; Type: DEFAULT; Schema: public; Owner: adityasingh
--

ALTER TABLE ONLY public.candidate_analysis ALTER COLUMN id SET DEFAULT nextval('public.candidate_analysis_id_seq'::regclass);


--
-- Name: jobs id; Type: DEFAULT; Schema: public; Owner: adityasingh
--

ALTER TABLE ONLY public.jobs ALTER COLUMN id SET DEFAULT nextval('public.jobs_id_seq'::regclass);


--
-- Name: resumes id; Type: DEFAULT; Schema: public; Owner: adityasingh
--

ALTER TABLE ONLY public.resumes ALTER COLUMN id SET DEFAULT nextval('public.resumes_id_seq'::regclass);


--
-- Name: users id; Type: DEFAULT; Schema: public; Owner: adityasingh
--

ALTER TABLE ONLY public.users ALTER COLUMN id SET DEFAULT nextval('public.users_id_seq'::regclass);


--
-- Data for Name: applications; Type: TABLE DATA; Schema: public; Owner: adityasingh
--

COPY public.applications (id, job_id, candidate_id, skill_match_score, experience_years, final_score, status, created_at, rejection_feedback) FROM stdin;
1	3	4	\N	\N	\N	Applied	2026-03-14 22:22:15.596701	\N
2	3	4	\N	\N	\N	Applied	2026-03-14 22:22:54.206571	\N
3	3	4	\N	\N	\N	Applied	2026-03-14 22:23:11.498578	\N
5	1	4	\N	\N	\N	Applied	2026-03-15 11:51:15.885332	\N
6	4	4	\N	\N	\N	Applied	2026-03-15 11:51:29.594602	\N
8	4	2	\N	\N	\N	Applied	2026-03-15 12:49:55.144939	\N
12	4	6	\N	\N	\N	Applied	2026-03-16 14:57:27.068873	\N
10	5	4	\N	\N	\N	Shortlisted	2026-03-16 12:42:57.306133	\N
11	5	6	\N	\N	\N	Shortlisted	2026-03-16 14:50:10.230049	\N
7	5	2	\N	\N	\N	Rejected	2026-03-15 12:49:51.300017	Candidate does not have the same skillset as required for this role.
13	6	2	\N	\N	\N	Rejected	2026-03-16 18:09:50.555385	Candidate does not have the same skillset as required for this role.
14	6	6	\N	\N	\N	Rejected	2026-03-16 18:11:03.312689	Candidate does not have the same skillset as required for this role.
9	5	5	\N	\N	\N	Rejected	2026-03-15 12:51:35.573821	
4	2	4	\N	\N	\N	Rejected	2026-03-15 11:51:13.970099	
15	3	6	\N	\N	\N	Shortlisted	2026-03-16 20:49:59.679086	\N
16	5	7	\N	\N	\N	Shortlisted	2026-03-18 09:24:32.481091	\N
\.


--
-- Data for Name: candidate_analysis; Type: TABLE DATA; Schema: public; Owner: adityasingh
--

COPY public.candidate_analysis (id, resume_id, job_id, score, matched_skills, missing_skills, suggestions, created_at) FROM stdin;
1	18	1	0	["c"]	["c"]	\N	2026-03-14 16:05:01.983825
2	19	1	0	["c"]	["c"]	\N	2026-03-14 16:05:23.770592
3	20	1	0	["c"]	["c"]	[]	2026-03-14 16:10:03.45566
4	21	1	0	["c"]	["c"]	[]	2026-03-14 16:12:01.188936
5	22	1	0	["c"]	["c"]	[]	2026-03-14 16:12:15.057111
6	23	1	0	["c"]	["c"]	[]	2026-03-14 16:19:14.325291
7	25	1	8	["c"]	["c"]	[]	2026-03-14 16:24:52.605619
8	26	1	8	["c"]	["c"]	[]	2026-03-14 16:51:24.572548
9	27	1	8	["c"]	[]	[]	2026-03-14 16:54:35.823646
10	28	1	8	["c"]	[]	[]	2026-03-14 16:59:07.391098
11	29	1	8	["c"]	[]	[]	2026-03-14 17:01:36.421159
12	30	1	8	[]	[]	[]	2026-03-14 17:03:32.597474
13	31	1	8	[]	[]	[]	2026-03-14 17:05:28.110408
14	32	1	0	[]	[]	[]	2026-03-14 17:08:51.127113
15	33	1	0	[]	[]	[]	2026-03-14 17:21:26.39991
16	40	1	80	["rest api", "machine learning", "aws", "go", "django", "postgresql", "python", "docker"]	[]	[]	2026-03-14 17:35:39.934131
17	41	1	80	["rest api", "machine learning", "aws", "go", "django", "postgresql", "python", "docker"]	[]	[]	2026-03-14 19:39:04.746369
18	42	1	80	["rest api", "machine learning", "aws", "go", "django", "postgresql", "python", "docker"]	[]	[]	2026-03-14 22:55:51.034822
19	50	1	80	["rest api", "machine learning", "aws", "go", "django", "postgresql", "python", "docker"]	[]	[]	2026-03-14 23:15:35.784302
25	51	2	0	[]	["javascript"]	["Consider learning: javascript"]	2026-03-16 17:34:33.118467
26	51	2	0	[]	["javascript"]	["Consider learning: javascript"]	2026-03-16 17:34:33.118401
30	51	5	100	["react"]	[]	["Strong overlap with the current role requirements"]	2026-03-16 17:34:33.148157
31	53	5	0	[]	["react"]	["Consider learning: react"]	2026-03-16 17:34:33.156737
32	53	5	0	[]	["react"]	["Consider learning: react"]	2026-03-16 17:34:33.15698
34	55	5	100	["react"]	[]	["Strong overlap with the current role requirements"]	2026-03-16 17:34:33.17866
33	55	5	100	["react"]	[]	["Strong overlap with the current role requirements"]	2026-03-16 17:34:33.178469
37	54	5	0	[]	["react"]	["Candidate does not have the same skillset as required for this role.", "Missing skills: react"]	2026-03-16 19:09:09.361564
38	54	6	50	["machine learning"]	["deep learning"]	["Candidate does not have the same skillset as required for this role.", "Missing skills: deep learning"]	2026-03-16 19:09:09.38301
39	55	6	0	[]	["machine learning", "deep learning"]	["Candidate does not have the same skillset as required for this role.", "Missing skills: machine learning, deep learning"]	2026-03-16 19:09:09.433909
40	55	3	100	[]	[]	["Strong overlap with the current role requirements"]	2026-03-16 20:50:03.007053
41	56	5	100	["react"]	[]	["Strong overlap with the current role requirements"]	2026-03-18 09:24:34.314847
\.


--
-- Data for Name: jobs; Type: TABLE DATA; Schema: public; Owner: adityasingh
--

COPY public.jobs (id, recruiter_id, title, description, required_skills, skill_weights, created_at, min_match_score, min_experience_years) FROM stdin;
1	\N	Python Developer	Python developer with Django, REST APIs, Docker, AWS, PostgreSQL, Microservices	\N	\N	2026-03-14 16:03:51.385336	75	0
2	2	Frontend developer	it is the post for frontend developer only	["HTML", "CSS", "JAVASCRIPT"]	{"JAVASCRIPT": 60}	2026-03-14 21:21:14.109879	75	0
3	4	developer	looking for a senior developer	["React node "]	\N	2026-03-14 21:38:11.465687	75	0
4	4	web developer	need a full time web developer	\N	{"react:60 css": 40}	2026-03-15 11:51:21.827236	75	0
5	2	web developer	need a web developer	\N	{"react": 70}	2026-03-15 12:49:32.115177	75	0
6	2	Machine Learning Engineer	Need a Machine learning Engineer\n\nRequired skills: ML, DL	\N	{}	2026-03-16 18:09:37.184664	75	0
\.


--
-- Data for Name: resumes; Type: TABLE DATA; Schema: public; Owner: adityasingh
--

COPY public.resumes (id, user_id, file_path, uploaded_at) FROM stdin;
1	1	uploads/resumes/1773483268548.pdf	2026-03-14 15:44:28.560086
2	1	uploads/resumes/1773483496132.pdf	2026-03-14 15:48:16.142513
3	1	uploads/resumes/1773483572957.pdf	2026-03-14 15:49:32.967613
4	1	uploads/resumes/1773483641865.pdf	2026-03-14 15:50:41.878095
5	1	uploads/resumes/1773483642767.pdf	2026-03-14 15:50:42.768367
6	1	uploads/resumes/1773483643691.pdf	2026-03-14 15:50:43.692753
7	1	uploads/resumes/1773483644456.pdf	2026-03-14 15:50:44.458072
8	1	uploads/resumes/1773483781381.pdf	2026-03-14 15:53:01.393545
9	1	uploads/resumes/1773483958740.pdf	2026-03-14 15:55:58.748185
10	1	uploads/resumes/1773483961370.pdf	2026-03-14 15:56:01.371126
11	1	uploads/resumes/1773483962091.pdf	2026-03-14 15:56:02.092067
12	1	uploads/resumes/1773484018816.pdf	2026-03-14 15:56:58.823907
13	1	uploads/resumes/1773484070651.pdf	2026-03-14 15:57:50.658408
14	1	uploads/resumes/1773484138196.pdf	2026-03-14 15:58:58.203688
15	1	uploads/resumes/1773484146249.pdf	2026-03-14 15:59:06.256566
16	1	uploads/resumes/1773484274674.pdf	2026-03-14 16:01:14.686893
17	1	uploads/resumes/1773484275712.pdf	2026-03-14 16:01:15.714139
18	1	uploads/resumes/1773484491298.pdf	2026-03-14 16:04:51.309467
19	1	uploads/resumes/1773484513037.pdf	2026-03-14 16:05:13.042911
20	1	uploads/resumes/1773484793447.pdf	2026-03-14 16:09:53.459325
21	1	uploads/resumes/1773484911076.pdf	2026-03-14 16:11:51.092301
22	1	uploads/resumes/1773484925443.pdf	2026-03-14 16:12:05.444603
23	1	uploads/resumes/1773485344320.pdf	2026-03-14 16:19:04.329311
24	1	uploads/resumes/1773485632444.pdf	2026-03-14 16:23:52.453289
25	1	uploads/resumes/1773485674642.pdf	2026-03-14 16:24:34.671469
26	1	uploads/resumes/1773487274626.pdf	2026-03-14 16:51:14.63534
27	1	uploads/resumes/1773487465729.pdf	2026-03-14 16:54:25.750552
28	1	uploads/resumes/1773487737347.pdf	2026-03-14 16:58:57.370751
29	1	uploads/resumes/1773487886550.pdf	2026-03-14 17:01:26.563217
30	1	uploads/resumes/1773487998574.pdf	2026-03-14 17:03:18.585993
31	1	uploads/resumes/1773488109136.pdf	2026-03-14 17:05:09.147735
32	1	uploads/resumes/1773488317915.pdf	2026-03-14 17:08:37.946765
33	1	uploads/resumes/1773489076487.pdf	2026-03-14 17:21:16.496355
34	1	uploads/resumes/1773489350191.pdf	2026-03-14 17:25:50.201894
35	1	uploads/resumes/1773489353022.pdf	2026-03-14 17:25:53.023537
36	1	uploads/resumes/1773489489242.pdf	2026-03-14 17:28:09.24977
37	1	uploads/resumes/1773489490951.pdf	2026-03-14 17:28:10.951654
38	1	uploads/resumes/1773489517233.pdf	2026-03-14 17:28:37.241775
39	1	uploads/resumes/1773489600645.pdf	2026-03-14 17:30:00.659666
40	1	uploads/resumes/1773489929750.pdf	2026-03-14 17:35:29.759607
41	1	uploads/resumes/1773497334642.pdf	2026-03-14 19:38:54.66046
42	4	uploads/resumes/1773509140769.pdf	2026-03-14 22:55:40.777657
43	4	uploads/resumes/1773509934595.pdf	2026-03-14 23:08:54.612243
44	4	uploads/resumes/1773509936136.pdf	2026-03-14 23:08:56.138162
45	4	uploads/resumes/1773509937341.pdf	2026-03-14 23:08:57.342228
46	4	uploads/resumes/1773509941355.pdf	2026-03-14 23:09:01.356238
47	4	uploads/resumes/1773509941858.pdf	2026-03-14 23:09:01.859478
48	4	uploads/resumes/1773509942142.pdf	2026-03-14 23:09:02.142531
49	4	uploads/resumes/1773509954712.pdf	2026-03-14 23:09:14.735951
50	4	uploads/resumes/1773510325071.pdf	2026-03-14 23:15:25.0886
51	4	uploads/resumes/1773554949064.pdf	2026-03-15 11:39:09.074221
52	5	uploads/resumes/1773559282090.pdf	2026-03-15 12:51:22.093712
53	5	uploads/resumes/1773559292422.pdf	2026-03-15 12:51:32.429039
54	2	uploads/resumes/1773559346793.pdf	2026-03-15 12:52:26.800199
55	6	uploads/resumes/1773651856320.pdf	2026-03-16 14:34:16.339502
56	7	uploads/resumes/1773806064008.pdf	2026-03-18 09:24:24.023888
\.


--
-- Data for Name: users; Type: TABLE DATA; Schema: public; Owner: adityasingh
--

COPY public.users (id, name, email, password_hash, role, experience_years, created_at, profile_photo) FROM stdin;
1	Aditya	aditya@test.com	$2b$10$17b1oJmRKEDlnMLVFTdA0eQOCZZ..jxb1y.sG.1wxUh.2FhCFwpdO	student	\N	2026-03-03 23:32:56.71243	\N
3	\N	your_email	$2b$10$LqA49kQC7DQTxetFCprnzuXXpVkW6Ld0OgSKVlk9HPRaZay0H19NC	\N	\N	2026-03-14 19:50:27.265962	\N
5	John	john@test.com	$2b$10$buHzCq4SNqUb5cYgalxsh.CeAdWK5GKtw.MzSfHZRlDJ0O9HPaOCK	student	\N	2026-03-15 12:51:01.138465	\N
4	Abc	abc@test.com	$2b$10$0aEWxl9IbeU/5vejnBVwM.IKxOmg3Gh0jexXxSVJAQfKO6rEZuQWO	student	\N	2026-03-14 21:21:46.73223	data:image/jpeg;base64,/9j/4AAQSkZJRgABAQEBLAEsAAD/2wBDAAMCAgICAgMCAgIDAwMDBAYEBAQEBAgGBgUGCQgKCgkICQkKDA8MCgsOCwkJDRENDg8QEBEQCgwSExIQEw8QEBD/2wBDAQMDAwQDBAgEBAgQCwkLEBAQEBAQEBAQEBAQEBAQEBAQEBAQEBAQEBAQEBAQEBAQEBAQEBAQEBAQEBAQEBAQEBD/wAARCAEsASwDAREAAhEBAxEB/8QAHQAAAQQDAQEAAAAAAAAAAAAAAAIEBQYDBwgBCf/EAF0QAAEDAwIDBQMFBg8KDQUAAAEAAgMEBREGIQcSMQgTQVFhInGBCRQykbMjJEKhsbUVFjM2OFJVYnJ1doK0wdEXJSdjZXOUlaPxGCg0Q0VUdHeDhJOl8FNWhbLh/8QAHAEAAQUBAQEAAAAAAAAAAAAAAAECAwUGBAcI/8QAPBEAAgEDAgMFBQYFBAMBAQAAAAECAxEhBDEFEkEGEyJRsRRhcXKyNDVSgYKRIzKhwdEVJCVCYuHwFjP/2gAMAwEAAhEDEQA/APlUgAQAIAEAbe7MJI19X4/ciX7aFbHsT94T+R/VEou0N/ZY2/EvRnUL3ZavT0uhjW1YgruC8hnTfK6KeBJWvcZRw4GCnuV2Mb8QipgxA/1RzElOSYiyMMeSCN3J+8QqvBlvpPJkDqeiSKxYIO97De3AloPopNkIrSlZjzly4l2covgGrMSccwB80DsNWH7WuI9kBMv5jZRlJ4FRjDCDjdJJ5EirIbyAcx9AnJkqXNhiGvwcZ2KW6I23FGcPzseqZcbe4vpuSjmQWbMsbxy7FNfmC2HbA3lGTvnqo73HRhZi3t548EbeabezHYk8jZ4Hh9aeJG1zwNwd/BIxElzGCVoBDs+5KmF1e6G0zspUh17sYynJwEMOXlyh7b4x0JXNUd8jL5syTOGt38FFe4NZKxdnh9Y7B8gpo+Q5b3HdraACT4BSskeXkqvG7J4YXonf/k39IjWe7V/c9b9P1RLHgyftsH8fRnKi8aN0CABAAgAQAIAEACABAG3uzCAdf12f3Il+2hWw7E/eE/kf1RKHtE7aWPzL0Z1E4Brc+C9OuYzFiFr3c0qni8A7WMUcbRvgpbjbpZMdbDindg7JVIWnG5hs0YaCCfwiVK5XQtTax5fABjfYoi7oErO6MNCPYG3RPWwrvzZHeR1JRYXLZjJHMCR0x0Tugl7D9pY2EyOcA1oySSuadSNPMnZDmnJYyVG+cS9P2suhpXPrZmEgti6A+9ZvV9qtJp5ctLxv3bFhT4TVqRvLwleHGKAuaJ7JJGScfqvh8Qqn/wDY1W8Ulb4ndHg0Ul47/kR944sXKAk0FLTcoH0XZLx677Fc2q7Yapq1OKj/AFJaPB6KzOTZD0XFG93CYsZc3xuP4AaG4P1ZVRLtHxCpK/eM7P8AS9Ol/KTUWptYxTCOpmqpo5GZbvuB+2b+2CVcZ4i/E6rGPR6X8KJCj1/eqSqLJCKhrDyvhmbyuHuI3H41YaftNrKEv4slOPv3/cgnwvT1F4FZmwLFq+z3mINhlMU52MMuzgfLyPwWv0HGtNxC0YO0vJ7lLqNFV07d1jzJpjsjY/jVw2cSh0MchAKVZC3LgQZC5xOeiWwvLzZTMExDsHyT1gbbFzBIMhI3Yethm5pc/LegTW8CVJtYQ/pG8remDlQzyR389xxUylseCd1Eoj2+YrFS4yV7g053U0FYeli5MULQ0D8akYqdypcb2j+5fenDb/k39IiWd7Vv/h6y+X6olnwdP22DXv8ARnKS8aNyCABAAgAQAIAEACABAG4Oy8Adf3DIz/eeX7aFa/sV9vn8j+qJQ9onbSx+ZejOoSzmaV6Y3kxibISqYTUu2U8XdDJyexkEQ7sZ6nqEqlkibvEbXBgEGM7BKmT0kmYrQA9ufDJUl7IJrmdjDqBrmtbjzwliwj4lbyG1CXYGOhG6mX8o5Sdx7hFwd28DeqqoKGF89VK2KJgLnvccAAeabUqRpxc5uyRJGDk+RK7ZqPiBxd/RBrrLp4iKlB+6TybGQj8g9F5V2i4+9dN0qTtBf1NRw3hr08eaosmv6G60Es2bnqioixv970ud/eSFloVo/wDaX9C3nSl/1j/UuVnmoKmDuoLpBdGHYw1MfK4/HO3wK6ozTVoyOOdOSfNJWsRuqtKd3Rm42WWXDTl1NJu+I/tc+I8jso6lOcoXih9Goua0iq0dOalzanDmZOCQcFjlyJ8251STjhG6NOXImyw264ysc1pDWSAfRk64PiD4jz3x0VjBtRSZXyS5m9hheKeJ1xZFXOax0jcRyt+jIRv1898/WlbTVvMI3iiStlmkhrY4s83OAH79fEEHwO31hOg5U34XYVtTjdlrbqatt720srhM2Foy159sjH0ub+3PvWi0PaLU6ZqNV88ffv8Av/kra/DqdRXhh/0HsOrbVUu7t9UyKQHdrnDIWqodotFJLmlZvzK2pw+ssJXsSkM8czRLE9sjHdHNOQrqnVhWjzU3de45XB0nyyWRTvMjYqYh2Y2qdm7FCYjd2rGCFhJySRhI0gZIRAhuVC1kY1ka3KctaQD0CIxJFG5BUpElSX9d05J3Hu0VgsdMA2LB3ynNZBPw2KfxvAHCu956n5tj/SYlnO1f3RW/T9US04PjWwv7/RnJy8bNwCABAAgAQAIAEACABAG4uy03m4g14/yPL9vCtb2M+3z+R/VEoe0Ltpo3/EvRnUMoLWHwXpl8mKknbBByzR/OCCepUyT5SO66mZ2HFvI7OE6LssjLZshhdpCYQ0DbO5T4j4ppntliIgDvPdPk8ErTTuzDqAbNztg4RFjltca0QwweqmTuhFh5HOTgudsB1yhySJLXdjQnFfXj9SVzLJZKgut1K/MkjcgTyj8rR4eZ38l5r2o46tTL2TTS8C3fm/8AC9TWcK0Ps8e9qrxPb3L/ANlJotN1dxlzP3uTuAAN/rKw/cuby7lw6vIvCiwy8NGwUZq8XAP5eYMfTgg+4g5/Ep1pYRV7kHtUm7WwLsNl7+KWe0TObNSkd9GfpMPnyn/clhGNTbdEVabj/MXe0agttfQSWPUkLoajeNlQwcmPLIXUpqKsjm5JSfMiIpLTRWG5Niu1M2eCUcrpWfRl/fj9q7GMjx6hc8IKLyTOcpKyZZxJYbzRS2u3RClusDA+JpyRUxt3wfM+IPhsR4qbmhJcqeSN8+72Iu6GjvVm7mKT7pCeduTvzdHMJHQ+R8Co3LmWRYxalcsGkLpTVIoK19QH1HcvgqGH8FzCQcj+aD8U5S5l8AtyNprA11tVsqJ4jQSkVDHPhjDdiTjmbv5HfHqfVE57O4kYrKZRPnrdRQvpmv8Am1ygaTGRlolx1bjw28FHdzdnudH8nwGmldfXu03AQPqpGStI2H0Zmj8FwO2fVd/DeL6jQ1FyvF9vMj1eip6iPNb/ANG+tK6rotVWoV9Js9riyVhGC1w9PD/evVuG6+nxGiqtN/H3GS1WllpanJIkZnB/jgqx2OVLmQqCIEdU2TGOLY5JLWEZ2TLZDlvghbvPhpOeuyfayJoIaWWPnkJztlNQsopbFniDWDbCGRq17lI44SZ4XXoefzb+kRrPdq1/w9b9P1RLfg7T1sH8fRnKC8ZNwCABAAgAQAIAEACABAG4uy07l4gXA4/6Gl+3gWu7GK+vn8j+qJQdo3bSx+ZejOnK6bEZAPvXpcY5MW54sV0jvZDtvnqum9kRNZsPoQGNHmmvIxqw0uWHMDR6ovYmopsd2kN+aRgZ6DKcLOXNgjtRjdpHinRlZD4NWshpSENYCfBSp3QvLm5qrixxNkp3T6Ysk5ixmOrnad3ecbD4DzPwWJ7S9oHQvpNNLPV/2RouFcMvavVXwX9zTrauXZtMzf0C80nO+EajkW7Ja10N1qp2N+fRxZO3ePAH5UsItSWRk5RS2L3DLqyghZHNPDVwNOxY8OyPQ7EfjXY5Tj4d0cMYxllYIO81NRR1LLnRunp52bGWI5dynqHDxHpuo5T5c2ySQSb5XsM579FeGfdQY5QdneB9c+CjdbvE7j40nAzC9S/Nm0lwnk7tuzH7HHxB/LhM717SF7pXukNxd62mkiqqWpHfQHmhkY76Pp7j5JO8tZp5FcFtYbs1XVU1W+s5MGY5niGzXnxcPIpntEk22O7nFkTdr1I6jrX3K2FpL2F2COu3UjzUqq3vYjlSezI666rqqioiru8w48rxg7tc3bf4Y+pI67dmOVKzYxu17bUTwXqB7mTygGXlO/ONif8A51yipVbtK4tOnZOLGMzhUCO4MyH95gkefVEZ81h1rNo25wmmkptQXClMwMNbSsqmj9+CA78ufit92S1DhqJ0W8NXKDikVOipW2djanM3n5d8ndeiXbVzOppOzHcG2CRjzTGN5bMKqTkacHKSKuxtkmVe8VPM8Rj4qRo6Iq3iJPTsAbA1+Nz1z4pjxgjk0mTuOmB9SQY0msFF43sJ4YXp3gPm39IjWe7WNf6PWXy/VEteDRtrYfn6M5SXjBugQAIAEACABAAgAQAIA272Yncuva/fraJR/toVsOxSvr5/I/qiUHaNX0sV/wCS9GdG3GdzW4DjgL1GCXUxSVsETBLzPznfzUrjgZUdh/3jizPn4qOyTI021caXB/3NuR5lMe9yalK2CTtLm/NWe4J0hJe4jtQkFwHh1TU85Jqauio6y1LHpfS9Vc+b7sGckIHjIdh9XVcXFeJR4bpZV+vT49Du0Wleqrxp/ucwGSWrndNPIXFxLnOK8VqVp1qjnN3byb5RUEoxHkFwihPJFT957zgJFNXskMcL5bHMVXcJnctLTZI6taOZNlNwdwjCPmWi1aZ1jdGtNPYq7bccrHY+Ch9ojHclWnnLZErSaH15XSuo5NP1U+Tnl7ohw+KFq4pWbG+yTUrcrJBvA/WrpDLFpyujf1LBC4kJi1NK+GSeyV/wklF2c+Jl2aWRaZqMtG5cOXH1/lTamppJbix0lb8Jipuy7xPkkdE20zQPbnHOwgH0z0XP7VTWUxz09VOziRN94BcTrNTuluOlKl0YJ+6MYT06lLDWU54uJ7NVjmxr6utd2sE7oZopYiMjle0tI+BXRz+TI2r4kskZPKZYzJ0JPtDyKfuFrOw1MknIGE7DKdfFhbK9x/RVI7oU7uvOCPx/2qWlvkhqRzdG6eGFK59wpqtzSe7pHMPr0W87KRftPMvIzvE7d2/ibViBc7mwF6UtjO2sO27b9EgxsaVkgDD449U5Ibi2CrVJ72sOTnHgnWJ4Pw5LTamCOBrT4hNkiGbzklmNGMqJixfUonHE/wCC69tDf+rb/wDmIlnu1n3RW/T9US14Q/8AfQXx9Gcnrxk3IIAEACABAAgAQAIAEAba7NDi3XdfgZzaJR/toVsexCvxCfyP6olB2ily6WPzL0Z0Lc5PuZBPRepJWZjehF02e8ypm+hFJO1x/wB4QMF2wTUiLNhlcZsBoB8N01xuyWmromLZzCmYQerQmSXmHLnBG3wnvBnOExvBPSy2ac45VEzrZQUrSO7MpcW43yB1z8Vhe2Mp93Tiv5f7mo4ElzybRprJwIm9D1XnssYNL7yWtNpNfI2nYxxfIQ0BoyT6IvaJG7ylg7F4DdmGOeCluV8ow+RzQ8QOZ7LM+J8ys9ruJzTdOkaXQcJjbnrZbOw9KcG9P2+ljjFFGOUAYDeqpnXqS/mLtaWnFWSNl2Thrpmla2c2mndINw4xjIUsbsa6UdmWAaVs0e4oIebGx5BspoqyGummeO0xapAGvoYtvJqdYTu4+RhfouxBzZWUMYe3p7I2+Ciknawd2mR9boiz1EbopKKORhGOUtzt5KCfMPVKFtjSXE7ssaA1a2V9RZadhLTjlYAQfMHwKfDWVaOIs5a/D6VbdHEHHnshXHQ75LvpWKaotw+m1wy9h89uqttHxNVXyVMP+hS6vhsqS5qeUcvXOhmt1U6nmjex7diHDBBV1CSksFXnZjaOQiQPzuDlSw3Q1rFjoDhXMW0QqHOB5ow3rvnqV6f2TgoxcmZTimJWSNk0M5qJiGkcgHh5rc3zgoJqSWSRLdshLcjyRVylLGlv/wAypEsEkUnghKaHvZ+bGSXZKX3CPwouFLHytbgYGFC2R35h0x3L16pjyPi2ih8cnE8L70P+zZ/0iNZ7tWv+Hrfp+qJa8GlfWwT9/ozlBeMm5BAAgAQAIAEACABAAgDbPZpGddV/8US/bQrY9ifvCfyP6olB2jV9LH5l6M39cSXZBPVeqIxiTeBrTN64CcwfhwzOWuOE9OxFK1rkfXZa8B3kke4+llFnoG8tMzAyOUKGTyI5ZIm+n7oPj1XLOWDrppbo544p6ujvlwbbablMFE5zchu7n/hb+XgvOe0fEFqqqow2j6mt4VpZUYc892U63WisrnGSODmBPnufgsmoSk7ltOoo4On+zBwLqrvcItU3qlxDG/MDHeOPwiPfjHuVJxXVuku7juXHBtKq0+9nsj6BaSsMFuoooYowD1ccdVmJWvdGxSsXehwwhjiBsljERlwtjonwNId//V1x2IZXRlljJmL+f2eXAb6qVNJWE6CQ4tADnemSnbjT1w5sYdjdMlYVHksZbkbYKjaVgTuQlz5BkPwuOpZMnjk1zq+1UNzp5qOpiZIx7SMEZTE2thk6aZ87+1rwborRXwagt0TaeOokMbwxu3N+2K0fCtQ5/wAORleLUFRn3kVucvzWC4U9U2mcwEPOGyA+yVfxpyk0kU7rRSub14bW2iZZ4ojEO+i2EnMQ5/mcL2Hs7R060ke738+pjOIVqqrtvY2NQxujja1xBI6kDA+paeKsrFVUnztseSOLG5DuvgjDI3zdGQNzlLn4znwUpJDwirRTBzi8prdhs30ZZYm4YAB081C3djVtYWcAZykEas7lA44uB4ZXn/y/9IjWe7WY4PWXy/XEtuDfboP4+jOVF4wbwEACABAAgAQAIAEACANs9mo41zcMfuRL9tCtj2I+8J/I/qiUHaN20kfmXozfdeXd5ggED1XqsdjGRfmFI3OcIlgWVmORFgkkpvNch5ckZc2c0oA2wlv5k9NqxaaJrGwDHQNCgm2yOKyV7UEjWPc4jYAk+mFzVXyxOmnfY5VuUED7tVTMfzsdM9zT55J3XkWts60pLzN5Qk1SUWWfQsTZbvTQkZD5GsDcZ2yuJVErsdOLZ9J+Flko7TpygoqSEAtY0OwMHPjn3ZWM4hUdStKTNvwmmqVGMTdlnpgyJufAKsksYLdO5O01Mx7w90YJHQpYTccClioQY2t5Y8N/EFOpsjlFDmSeHPt7FSKaeCPkYGOGYDnd7KXn8hOVob1jYjyxlpLWkOG/QjomOpYfFMYmWpgmnlfVvlZI4OYxwAEYxggefnumzq3ikh0aVndkRXT94Xe1nm/EuWTTJlGxU7nFzVB5WnfY+ibG1wllHLHbBt8cukTTgOc7vmyNwOmDurzhMG63NbBmuMtd3ZnHf6FU3dOa8jn7vnbzDc77j3/2LaU1FIxk3dj/AE1X1FousTC9zoJHBu3r0K1XAOIT0+oVJvwyK3W0I1Kbb3RtumlL2g58M5Xp0XdXMrJWeAmlOOqlQLDyQlbJzSk52UlsDot3JK0vLYsgZyU1rzI6mXgsLSOXfyUA6zueF+dgEWsL1sUHjcf8GV5H/Z/6RGs92sX/AA9Z/L9US04M762H5+jOVl4ubsEACABAAgAQAIAEACANsdms41zcM/uRL9tCtj2J+8J/I/qiUHaL7LH5l6M33Ve3MRlerx2Mba+w5pmMYMjqopO4ruOQz2SSUy9iLpdkVXNBnx4nZOT8iSNuXBORVUbIdh+CoZXJIRwVa6VbJp3Au/3Lnqu+CWlHld5HNt6dT1N+uD6GMMgE7+RjegGV5PxKUXqanIsXZttPzKlHm3sWnhQyabWNuigiMkomb3bRuXPzgD6yqas+WLkdlNc0kj6baItdTp+3U8Fz5e/5WlwBzg46LHaiffS5kbfS03SgkzYMF+o6PkbPKGucMhvio46eU9iWpqI01llkt2oKFpYJJGt5umSpFpWtyNa2Ba7debXMGsbURl3TAKkdF2uxy1ClsSb6WnqQ1wcCR5FN7uxIqxlprc1odl4OTtt0R3SYOqInt8TDkuafRNdBB3xFVUFK3J5m5HhlRui0h6rpYZXq2SlLntjczbwC5pU3Fknfxa3KzcpWRlxaRnCVQaGqfNscy9q2C6UWmW34URntbHtiq3NGTEHEYJ8gTtlXfBaqhV5X1M/xyk50lJdDhy+3gsqXV1OxzWFoYwA5yVrlJXuZJLFpCaCvkqIozjMh3O+2Ruu/RSarR+JzV4+F2Ny2mtbNStkz1AP4l7Rp7OmmYuu3GVmZKqobynBXUkQq7IlxMkvVOuSJE/bGgMaMKOVx901gmYwDv44wmMi6u55uM5OSkDGSiccCTwzvG3/V8/6RGs72s+5636fqiWfBH/vofn6M5WXi5vgQAIAEACABAAgAQAIA2v2bf18V58rRL9tCth2J+8J/I/qiUXaCPNpor/yXozfs36qSV6sndGNlFxeBxC7OxTWg/m3HDnNaMkqNsY43dmRtSO8m5sbBN2HqNlYcd9sWjYYTZLBJHMrFRvMhZUjlOM+KrNVJppnbTgpJo1hf9OUFsrJX0ETmMnYC4E59skk49Fg+M6WlSrfw1urv4svtHXnUh43sbC7Iun4LlxmpH1EfNFb4Ja3B6czB7P4yFjOKPkpNGm4XBVNRFvpk7E4kcT36Vq6a32u1TXa8Vp5aaki6E+BeR0H5fRUek0nfPmk7JGg12s9nilBXbIyz8POPWsGTXq73mitEs7uZlK8FzmNxtgtOArJV9Lp/CildDWaluTZDas032ktDwmrt8jrzCzJPcyggD+C7BUy1elkQy0ergyq6c7RGurXcBSalslwpqjmG72kAO/sKZONGqrxHw9ppO8kdRcM+OEl6ZCJGSYk5W79clVFam4XyXOl1DqYkbRj1fUQRSzAuLXDmz1AXD3j2RZOS5Sgak43Mt9TJFXv7qIA782Pr9F00057HLUrcjuc4a77aNVbrm6G11Amia4gNcHbjzz+RWtDSRlHx7lHX19Ry8CIm0driqu0rZ3WCp5zsBTAucfLbx3XX7DStucnt9aMuWxP0PaTbFeqeLVtFX2qjqPZE9VC6MMcenMD1HmR0XFW4dFx/hljpuLSg7VNjZgu+ndf6frrFVyQV1tulO6CTkcHNdG4b7j6x7lRLvNPUXRl9OMNTSvumfNDWdol03qi+6Kqnl5s9wmpmSH8NrThp+Iwtvo6veUry3MJqqXdVXFEbaKh1POzLsFkjcH0yrXRt99C/mjirLwu3kbX01JLTUjojJzR8x7vbo3y9wXsOklKELdDI6lKUr9epIVNQe7JyVYxnc5uXODBSPLpA45U3NgVR8yy2+TLWjGMptxrJuDIZ4KGWWNs1kCBn1SCJXyUPjfj+5ledt/vf+kRrO9rM8Hrfp+qJa8EVtbD8/RnKq8ZN4CABAAgAQAIAEACABAG1Ozk7l1tXn/JMv20K2XYhX4hP5H9USj4+7aaPzL0ZvqaY8+T4r1N42Mc25AypdzYHRMlLAsY3wzO+ckYzuox/dqLMDnjnaM9TunRT3GOVnymZ5DIySegTJZHpdUUy8yl1R7sqt1kcpndR2IPUFIJIIaobhnskeeeizXG9MpU41Vuiw0NTlk4s2Z2TrV824lSVjMtMtuqGuHpzMXnXGaaVC/vNdwSbept7jsCzWGgtV0rNV1sDXzPbytc5oJ5QOgPgFmZVZRhyJmndFTnzNFT1rxouNsqM/PHWa2NeI2dxEJa2tk2wyFpzyjwzgk+nVSUNO61rjK2oWnxY1rrftD6lsF+n0neNITWtwjjPfXWuqamY94wOZlsBAbkHwJwc+StaPD6af8Rpf1KfUcWqzjajFvp0QmfRet5rRp7XFxtU1tt+pImzxAzurKcFxIDXlw7yEnqCctORumVtJBK6/oS6XV1qknHy8/65N78KtLxW2aNtXA0SsOxxtus5XnKDt0L6lRUvEkbxqrbTx2kmOLOGlx9U2VRKncljQ8RzFxZ0/PcpZIbdTSTEk4aN/gmUKlSUvCRV6EILJomg0lc6Z131FV6aNXR6db31a2hoo5/m4BG0kshEYduPYGTutLR0M6qxJ595nq+sjSw4pL4ZNg6a7R+i7TVQWF1ohoJ3sLmTspoKqnw0ZPeSUziY8Dc5bge5LqOF1KGFK+L73E03E6NV+KNumVYt9TxF0Tr5403qO1UXfVUJdTygtnp6pniYpMdfMHDgqlyrUXdPBbuGnr+CxVdC6Ofw71RcaGyVs0liqWd/DBKc/N359oNPi0pa9aOpSbXiQmkovTSaT8LOReODH1nF7V1aWcjX3BxHrhrQtTw2nagvgZTiM76ifxKbp6hfdLs2JgPIwh7yPJaTgmllq9ZFLaOWVOsqqjR5n1Nt0cIpqaOIfgNA/EvVaUVGKRlZvmk2YqiU/RAXUsDVgXRlwcE9SCSJ+klLCxJzC2vkmIa1zR7SaNaUhYqskklPxYhSaKPxqmDuGt5bnc/N/wCkRrO9rPuet+n6olnwZX1sH8fRnLi8YN2CABAAgAQAIAEACABAGzez9IYtY1zgcZtcg/2sS2PYn7wn8j+qJR8fSemjf8S9Gb3Ly5+fNentsyllbBkjxzeGSk6AtzPyk7Jo9piWsHfMyfHdSRdkRNRuZ52gwv8AdsopOw+JR7ucVOMLg1W6Oyk3skYKqHvbc8+LG87R6hVnEqHf6ZxW6yT6eTVS7Nt9kOmNx1rXVQafvWh7t2R0c97dvxLyXjlT+CorzNvwOk3qW/cds1WnX1Nna2OPd/QFZG93ZmyiktzUlw4P1MGtG6lmtsdymYR3b5nuxTYHSNvQeZPVWFGv3ceWJy1KSc3OxYdRaBteuKijrNXcPbZcqyiaI4pnh/O5gOzXlpAc30OQun21pcuDifC6fNzJtXLjW2K7Xunigvx+94YhDDSxktjjYBgDlbgAY2wuarr2uuTqpaCEY8sVZEvYbCynnaWgk5DWjyAVLUk6ki4pRVNcqNjV1E5loIxk8mMpZx8A6LVzS97sw+eyhrSHShwyOoOOqbp5d2yKvT542G0JdZdOVmk67Tzbnp+5UppaqARNGWEYOSwA5x4nJzgrTUuIt2fkZ+rw2Elyydn5mndMcKeFfDa43HUGn6C81NdURSQw/PO7e2na8YeQABzOI2LnZ296V6tO/KmmMfDJysptOPwKJpPhnXU+pp22WmqHWYymodSTRcraeUn6UB8B12XJqq3PHbJ10NPGjO8Hj3m86zTMtus0czQedzOUkjchVcHaVzuascF9oWNlt4iah2wXzhw97mNK22hl/t42MNr4W1U7+ZC8PLFNS077jVNLXTHDWn9r1BXpHZvRS08HUmssy3FK/eSUI7IuTzyjZa+LuVCVxjK7mO2y6Ij/AID2hj5sFO6iNdCYgGHsYeqH5iJdB/nl2yk3Gvw4Yhz8DGUl2McVaxSeMEnNw8uwP+Ix/wCvGs92rbfCav6fqiWfBsauC+PozmxeOG2BAAgAQAIAEACABAAgDZXAMZ1hW/xZJ9rEtf2KdtfP5H9USl46r6aPzL0ZvkNI3XqF8mW5bIzQDfJHiiTGpJZRnHTqiwl8WPG/qozhOSwMvkyVDiIiPMKGoOi2ikXck1A2Vfqbc12d9F8yujYPBCwRX3WsMclMyoFBRVNwbE9oc174mZbkHYjmIOD5LN9rNVPScJnKm7N2X7mg7L6SGr4pTp1F4d2dgWWCWoulBc7lbKSG5utsbKmeniEYm9s4JAHhj8uF4xO/Ja/U9KrU6dPUvu1i39zclqgjqKVrTjAAwuC12dEUmh+2x0uQ6SNpQ3Yd3Z6+1xk8tPE1o9Akc8YFVNLciNQOjtdO2JrcvkOOm5JTLN5FwtiS05avm8UctRgSPI6+CWNMdexdbrQxxWovM0eQ3OM9V0yo2he5BCtedrGn9W22WMxXGBoLeb2sBcLh1Om5J26giq6KOaNgyW+00+KIylAY4Ke4TaWs9Z+rUEYeduYN3U6q3RG6PkMhougpZjJSwtYT1wOqTvG8DVS8yK1Vb4obY6PkAwfJLC98jZWeDQmp+GHDqtst/wBSXbQVt1BfLrWMoHyVjC8U1MGsHMzf2XYJwRg5wc7Lvlq6tOMY03ZJXObScO0+qqyVVbv89jmLUFjGm73cNPxfQttVLStyc+yxxaN/HYBe/wDCK/tOjpVfxRT/AKHj3EKHcampSXSTX9SGmJwQrumzgtga4Lui6FJLcdBYuStvZsDjZO6ke+SSidiZnoeqc1dCJ2dx65yErIWo/MwyOIGRn1QkiNtpXKTxdLxw+urTjB7j7eNZ3tUr8JrP5fqiWnCHbVwXx9Gc4Lxw2gIAEACABAAgAQAIAEAbJ4Cc36cKzlH/AEZJ9rEth2Kt/qE7/gf1RKbjn2dfMvRm+2gl269QMkpczsOIBk4CV4C9hZ8vJCYm4QgGUEjOEuegx2Tuz2rcO5PmoaisSRfQpdzcHVOOirtRHJ2UXh8pubssTUbeJ0NDVPDDcbbV0cRzj7o5mQPjykLJ9sqUqvCm49GmarsdWjS4pHn6pnVlbUGmvUMDoizu6GHGfEEuK8fS5qfN7z0bVuMdS0jYWk7hJIwh2C0YwuadkPTsi3xVLHtPtDZQSZOpNoyMljb4+qbHISZT9W1Ip62KvqB9wpyCSegPmV0Rp8xFexqviR2lptLant+n9M6IuupIpCHV1TQvaGUjPF2/0+Ubnp78qWnQ53vaxzVq04NNLArVXaMfQWOSutlprr3UujJpaCjx31QfJodsPUpe5VR8t7DZ6lwjdK444Xcd4OIOl549Q6WuOm7hBs+luDR7WfFrxsfUYBChrUe7fKncnoVXOKlJWfkbd0kwOoWucNiOYe5c9sk98EoIIqdnJ7zlRSwSRlcY1MwaCMbBOi7CTkrFD11cB3QhaR7e5PkumOzZxyfUo+m30txpLnbHM55DVxTO9nOWENH9SkqtwUV0Ojh78Tkuj/sch8YqSGg4parpKUnuo7vU8u+di8n+te/9m5d7wuhJ/hR4zxyPd8RrRX4mUSfc+a0cEVMnYxRMycYUyXUj5rkvQxkDCkWRmUx+yMOka07boysknhasOXMPqE/oM3MY3OEjWBEuZ2ZSOMAP9z+6+ncfbxrOdqvuit+n6olnwn7ZD8/RnN68dNmCABAAgAQAIAEACABAGy+AIzrGs/iyT7WJa7sX9vn8j+qJS8d+zL5l6M342Mk5XqETHpZuZ4fZyQAUNMlXLbAo4Ocjr1S5GppHsJHeA8pyPJPV3gj5la6RirSe7JzsmTxgdG8ssp9yx86HmVW107lhR2LBo661Nhv1rvNJI5k1FVQztcDjBa8H8mVx62hHU6adKaumn6HVpa7oV4VYbpr1O59X3enZqSkO4+cW9pjPg4B5IwfHZ68HhSag0+jPWNbXSrQ96LNpe4OY1rxJgu2xnYhcNZK9jojPF2XGluQkA9tcVRHRCpgfGtaWlj5OVp2Ls4x8UQvHI7nW5X9eai01Z7S9lwroHc8ZHI54Jd/aumlGpKXhIauppwWWcp/p2q6G81kuk9OfNaKRx74tjc7vMHqT5Y/Krqhp4WvN5KGvra05WpRwWSq1FX2Cntl8i041lTco3mFzYc92R+D5jOxUMNNBzbuSVdTVUFaIy01f9OXbVkFfqe1zQ1QlLzJ3r+6z5lnTqodRpuVOUMk+l193yVFY61sNfbnW6KWjq4nsezLSHdRhVDunkuVOEle42deWzOdE92Dnb1CgqZeCROwwqq4jmw7p13SwVyKczX2tannL3cxwBjOV2044RzykrXILhxV01NS36+yyMMff93GfSGMOkz5ALsq0nLkgv/rjdDXXJUlfZ+iOJL7dp73d6671T+eauqZal7vMvcXf1r6D4dQWm01OkuiS/ZHjerre0Vp1X1bZDv3d1VtB4OKaRmpmcxJUoxYJikbytyBv5qSInUdRgd6wnHVPQmw4mcBjohIJSsN3dU7oMbKTxhd/g/ug8+4+3Ys52qj/AMPWfy/XEtOEO+sh+fozm5eNG1BAAgAQAIAEACABAAgDZnZ/GdY1v8VyfaxLXdjPt8/kf1RKXjv2ZfMvRnQLB5jovT0zJYuLYAOiW9xEvIPHcI3Ebsexu5ZM4xnKlSuhkt8GGux3J3G/VMkxY72KfcB989fcqvUPJYUtiRo2gtALuXbGfJNbtEfazO3+KtthsOidGXimqXStou7pXSk8xkZJC3BJ8d25XhcL1tRVTVrtu35nqnEIqlpqVS97W9DPpW/tFPFK85DRvuuKvQ8TsJR1TcVcvVnvtNVYMOS5xII8lW1qMo7nfSrRl1KVxY1jdbTLBQ2twdzt5iCCd89cBd+g08ZrmmV/EtVOFoQNZ0tNDe7mb1ri4ltHRx5Yx0uC4ftR5LsqSUVyUVk5dJp56iopV3gtlo4h0tO5j9PWOpighbiH5tQvexzfUhp5s+qj9kkld5NjpKCrYhHBJjizc6oGlfpOrpgNnSstbxzH38px8MJr0XJ4oo6p6dRxYqt9vWla+o57ja5LdKW9388fSOhwM5w4kYxndDo1I+JfsVeq0cORtqzK1buIuqNK177RT1fzmj5iWODi+Is8wAfyKT2elXjfZmTlqa+mnyvKNy8PNX1F4pXvm35cGMZyQCqfW6VU5YL3Q63v4NMtFfeqakpnSVE4bsc58SAuenSbeCerVUUan1zrhhgm+bvHIxpJdjcnyH1q20+nu/EVOp1jjF8ovTVJVx9mfUN95jBPUwXCpbK/9q4bYPjlrV36TklxalTllc0VYKfNT4VUneztJnGDjgYHkvfIo8nXkYiOU7+K6YjGrDumHLv5qWORr2JinADPa9nKcriOdlkyxjLwSpNsDF4smZ+M4BS3sHLd2MLiRt1TtyN3Tsyj8X8Hh/diPDuPt41ne1f3PW/T9US24PnWQfx9Gc4Lxk2wIAEACABAAgAQAIAEAbN7P368qz+LJPtYlruxf2+fyP6olLx5200fmXozoMAOGSvTUZJyUj1oxt1ThFgRkl6Ua8sUw4ec+SlWxC5NMw1W7D6qKZNB5KnXtxUqr1D8Vkd1JJK49g+iNtsJ8VhCSlzl5dxg1zNo+LQ9bc21lrpnsdA2eMOkhDTs1r+uPfnZZfifZ3SSlLV0o2m/LZ/kXFDjOpVFaWbvFeZtDRerTVU8M5lPdGPwOy871FBRbRoNPqG0mzYFi1UWV/cwScpLCck7+WFxVKCcclhS1L58EtqOkbe7vCANpYm7eIx4rlpy7mDR11od/UQwpuDmnIL0y/1Us1bOHNf3dTM50TCOmI/o7e5LHWpRtylppdNGlU57mzrdqm06SgM8sbHxtH0IhkjbwAT4V09ty87+ny2lKxFf8IPSk9YYKO2Vk0j3coaY+UE/HZTc00r8pH7fotnV9TDd7jbtURyCaLkE4LXREA7HwI3C5Z6lxd7Cz1NGpC1NmumcBdLx1E9dZ56iiqJfaEbJSYsjx5DsPhhI+IyeLGcr8LhNuSY80Yx+lam8sr5A2SCPkYM7HBz/AGFM1LVeMbHLpovTSncirvrF1zqRk4ij35T1O3+9T0dMoxOavqpTnl4NX6+1LT2/T89dVzBsgLjG3xJPQfkVhRpN1FFHBXqpQbkQ+q+0JedQ8MrNw5tUEtupIaVkFyaOXln5PogEb77l2w6geZO04F2SlpNc9fq5KX4Ur4b6v3+RUcS7QOvpo6airK1pe81RkuO5XoSMwnkHY6EKaAjaHtM32R71KiNvyJKLZuSdwnpjJx6mZh3Bx4p6VhFJWFlxJwlQnwEOOBjCUCj8Xv1gXX/wPt2Kg7V/c9b9P1xLLhCftsPz9Gc4rxg3AIAEACABAAgAQAIAEAbO7Pg5tZ1g/wAmSfaxLXdjPt8/kf1RKTjztpo/MvRnQxaA0DPwXpqZkVG+RJ9npjKBt7PBhyQ7KVO4JsysIPN0zhPRHIb1H0DsmTY+PuKtX71OFXVv5jthew8hGWDyUsNhGe756pZpSjZiRdncmdLawq7FVfM+8f3Zbhrcez715jxfQdzXkkjR6OvzQWTYundVuZXG5yvdyOZzAHwPj8FSypXViwhV5XzM2lpXVzqu6U1S5xlHdBu3XfxPwVbX094Oxa6XVfxE9y9T31jjhr+QhuX77D3quVDNmXftVlg1jxHulbBTx1UMxaZHEEB3UK001OMehSa7USnm5r6qoq+p+a1VNLUxSygyHndsfd5LrvFYK1qTakmbN0JWz0VphjnrC+c7gk5IGehz4qv1FFSlguNJqXCKV8l5bfJLfDLPJNzOY3mdzdAMKu7lTlZFjLVuMG2aq1brlz7nJH84+5zx5c7pnHTfzVlHSqCTtsUz1jlJpvDKTfdXtpIaYmdp7xhe4ZwcALrpQvc4q872NPaq1bNqurZRNyKeNwlfk/SI6LR8C0Dr6iMpbLJVa6uo0nHqxtHkbL0yNkZ1pmYEjqpENbtuKbu7ClQ0kKcDAUiG3sPmbNwSnoa3zJixsNz0UlyPlsKY/PmlHrCyKJHxS7Aij8XiDw/uvh+oY/8AXjWf7V/c9b9P1xLLg/2yH5+jOcV4ybYEACABAAgAQAIAEACANo9ncA61rc/uXJ9tEtb2N+3z+R+sSj4/b2ZX/EvRnQrmL0tSMm3ZHmPZ6ochqyYeT2soUga6i2AjOylTIpGCr2jcPEhRTeR8dyqV7SakH039Fx1n4jtg/CP6eP7mBnqE+LwRXs2ZDGM7pWEXckdNabqNSXymtNG5raifmEbnAloIaXb48Nuvgs/x6nBaWVWX/XJ38OUqldU11JC6UV80y6WhvFLJTzs9nuz0LfMHoR6hYa0Kvip7F2+eDcaqsyc0Rr2S33GNlVM1rXYbnpj/AOdFBU0/NGxNCvyO9zZWotcMggjjt84LyOd5GDjbp9aroaV3uywnq7xsjXNx1nLXu++Hc3IPZDjkepXb3PIsHFKu5vImo1qJYoeQ8uOX8XkhUWkN77I7o9cTMnYxsvL1cAT13Ufc+ZIq9splqqOJ9GLNcZnTsfMKYs7t5zl3gFzPSWafvOha26ab6Ghb5rKouE45JHMwACBsu+FE4nUQqz2TUeuayO2UJfysb91qHg8kLAOp+Hh4pz5KGZCxUq0uSBBR0jKVxjiPMGuI5sbuweq9P4fpaemopRW+5mNRVc5u7wOIwVYkF83MwBznCkQSeRTGjmGU+MhrVyQpdlJe421h4HZACkjuMYpxwzyT7jGxML+bqlWBzlcW52FJcROzKPxacXaCuuf8R9uxZ7tX9z1v0/VEsuD3etg/j6M52XjJuAQAIAEACABAAgAQAIA2j2d/161v8VyfaxLWdjnbXT+R/VEo+P8A2aPzL0Z0M5elGQuIJOOm6BvNcQBgboQjfmZ4xsSQnp4EzcZ1o9k4Ucncetyr1oLqjb4rlqLJ0wk7WJamjBibt4KSOxC2Z2wEnZqGCk0dSdlHhrTQ8Pdd8WrnStc+KAWK2ueNmOk5XVEg9eUsb8T5rE9q9Y7R0sfi/wCxoOA0uabrPo7L+57rnRFu1XbHQVUA7wD7nMB7Ufu/sWB0+qlQldM2et0UNRD3nPeqOGl00690zB84pwdpGNOQPMjwV5R1cKu5nK2lnSxuisy3K5QxPYHPywDbPUBTqCaujm5+V2fQipL4/HevBIeCBkJXT6MRTl0G8l/bAA1wdjIyQPBO7tNYGuTGkN8qpZfnDDyvYSckfUEipprI7KeB9RQ3y9PkEReI5HZcfBxUc4wSFTlfBfdK8Fa68ywmrb3MRIMheNyPQea46uthRXhydlPR1KztsjoPS3DeGnt8OkdORRRVNefmsDpNgZpPZaXkeGSPgqZV3X1CnPa6NCtOtLppcu9jkW7Wa4WO6VlkulK+mrrfPJS1MLxh0crHFrmn3EFe4UZxqQU47NYPNZxak0NmsI6roWSO9jJ4KRC3weMOHbKRKwxSuPYXeaekHuHkeSckZTgxuLn2iJ9E+L6ET3MdP9EHPVObFcTK8jGMJyBpFH4tb6DuZGwHc/H7sxUHatv/AEit+n6ollwe3tkLe/0ZzwvGzbggAQAIAEACABAAgAQBtDs8fr1rf4rk+2iWr7H410/kfrEo+Pu2mj8y9GdCu6jC9KMdJniBidmeAEoQXZmja7k9U+40a1jCWpkh6ZAT02ajIG65Z3e50Rkkrk1R0hDWt5c7JyeCByJ/T+mbjf7xR2O00rqmvr5mU9NAwZdJI44aPrPXyUVWqqcHOTsluLBuclBZbPp1JwVptKdmis4W2NrTVwWp7jKzYz120j5P50gwPTAXlWt1b1mqlWl19OhvNNp1Q06gt16nOVhc26WqGaVuHuYOdpG7XeIPrnKzWoi6VRxNbppKtSi/cR960vFUh2Ixv5hJS1DiyKvpU9kat1PwptlbI+YwSMeRjLDjdWdHXyjhFPW4dCWbZNf3Tg/GHNbFVHl8Q9u4PwXZDiNlZo5J8Lt/KyKHBN0rxm4RtHNl2Wkn3BSf6lFK6Q1cKnLqTtu4I25pHNUyyNJyWtZgKCXEXJ7WHrhfJ/2ubD05w8obRGGU1IwZAGeXc+/K4K2rlU3Z2UdFGnsjYVosUdLCOWMZHoq2pVbwW1HTqKukTNoqG2zUtjnLeYuudNC0Hxc+QNH5c/BT6PNRDdfigzVPb64Zu0pxii1jTUwZRavoWVbnNGB88iAjmz6kd274leudmNWq+j7p7wdvyex5txek6NfmW0jmJ0eNlpVgrEzG4YHKnrOR17KwRA8yk6DcpjyLAxtunoS9x0x3KMkhKNWGYqmcY5MpUOW9mZKd+WD6koknfYXK8BvTdPixqKTxWcDoO6Df/mPtmKh7VZ4RWfy/VEs+Dte2wXx9Gc9Lx03AIAEACABAAgAQAIAEAbR7O/69a3+K5PtYlq+x/wBun8j9YlF2gdtLH5l6M6Ec0l3RelXwYvqK5MjZNBnrIj5ITyNcuUeQQHl6ZTmDlgTPQueMBhJO/RRSkCfkWfhtwG4j8WbmKXQ+lqmujB5Zaxw7ukh/hzO9ke4ZPoq3Xa+holetK3u6/sden0tfV+GlG/p+52Jw1+TvsNtbFXcUNVzXOYAF1vtIMEAPk6Zw53fzQ1ZXVdqpyXLpoW97z/QvtL2d5fFqJX9y/wAnSOjOEvDrh7E2n0Zoy12rAwZYoA6d/q6V2Xn61ntRr9Rqs1pt+n7F1R0VDT//AMopepcJ6XvaKSIDq0gLgbzc7LYOP+JGlmaJ4jVsMEPJQ3jNwgAGGte4/dWj3OOf5y49dT51zlnwydrwGMlFHNHkDIIVMnZl1yXK/dLK12SWDbxwpoVbM5p0UVur03BUktewD4Lo71s53SSwR50jCx+Sc48AMIVVoHSvhErR2aMAAQ9PRMlVYRopPJYbdYWv9tzcLmqVrHVTorclPmDIIyAPioHNyZ0qKihno3T8useMGk7HE0mmt1Z+jNYR4RwD2AffI5g+tXHD00nNlLxWXNy018Tanbe4Qy8R+D8lxtsDpLrpZzrpSsa3LpYwzE8YHiSz2gPNgWx7Oa72XVcstpYf9mZLjOm72jzrdZPlrNCPwcEeBC9MRj029hm+Ig75UqY9HrGEJ6FMwyE9DdhfOAMkpzFWcjGR/PM4g9dkLYdazuP4HcrRlKRtO4SSAhKLYpvFN/NoS6D/ADP2zFQ9qfumr+n6kWfB/tsPz9Gc/Lx824IAEACABAAgAQAIAEAbT7ObebW1cP8AJUv20K1XZDGun8j9YlB2iV9LH5l6M6MEPN4L0dmMuZmUxI6JGw5vMdU9CXHOAN/FNuNbWxuDhl2YuLPEtsVRZ9LzUVukcP74XIGmgA8xzDmf/NaVWa3jWj0OKk7vyWX/AOvzOvTcL1WszTjZebwjrbhh2FeG+lu6uGu6iTVVwZh3cvaYaJh/zYPNJ/OOPRY7XdqNRX8OnXIv3f79PyNPouz9Ghms+Z/sjo63Wq3WeihtlqoKeio6doZFT08TY44x5Na0ABZqdSVWTnN3fmy/hTjTXLBWRmkAA2TUKzE2PG6c2MsOGMHJhRtkiNPdoXRT73pJ93oYs1tmcauIAbuYPpt+Lc/EBOce8i4i0p9zUUjQVnqhUwMe13M1wBBWfrQ5G0zUwkpRuiVkoWSty5q5uYHZoiqq0MLjyt6qSNQicVcYmy5PiUveITlvgfUtnja0DkGR4pkp3JFBdSSjou6Z0UTdyVKxHXWZsEL3OOMBPhFydhs5qKbNs9l3QRp7bWcQbjERU3xwbShwwWUkZPIf5zuZ3u5Vo6MO6pqJmNRVdao2b0ulOH0/T6JXRSdmc1VXiaI4tdkDhBxlhmuM1r/S9qB4P99bVG2MyP8AOaL6Evv2d++V7ouO6vQPlvzQ8n/Z7oqq/C6OrV14Zea/ujgfjl2S+KvBCSS4Xm1i7afDsR3u3Nc+ADwEzfpQn+F7Pk4rc8O43peI+Gm7S/C9/wAvMzmq4fX0V3NXj5rb/wBGljTkK6TODmEPYQFKmSbowyuIbgpzGx3GsIBeSUi2Jmx7khux6JUMeMmN0pxkp3UapNlQ4oO5tDXLI/8Ao/bMVB2p+6qv6fqRacIX+9h+fozQi8gNsCABAAgAQAIAEACABAG2uzPEZteVzQM4tMp/20K1PZHGtn8j9Ymf7SO2lj8y9Gdi6D4R8QOI9UKXRWk6+674dNFHiCP+HK7DG/Erd6nXafRrmrzUfX9tzJUNPX1L5aUWzpfQHye9+rRFV8SNXU1tjOC6jtbfnE3uMrgGN+Acszqu1tOONNC/veF+25dafs3VnnUTt7ll/wCDpTh72ZODXDZ8VXYdHwVNfDu2uuTjVTg+bS/2Wn+C0LM6vjet1l1Odl5LCL7S8H0mlzGN35vJtMMHjvjZVRaWFjZIw2A4SIUwvThrPGjJQAqeppqSIy1VRHCwdXSPDR9ZTbN7CtpLIxqDb7xSyRwTwVMb2lp7t4eD9SVXixrtNYOQr5puXRGsbjpuRjm07ZTNRk/hQvOW4924+CreIUs8y6l1w+q50+V9B9FzFuDuqdos0YZoQT1QhohlPh3ghiWHkNKAPaG5TWx8cGOpcGDlSpXFbIqi0vU631HQaXgkexlbJ98vb+BAN5He/l2HqQrPRU+aaZW66py02zsWx2ymtdvp6GjgbDBTxtiijb0Yxow0D3ABXEmUiQ8q4+eFw9ERwwkroiadxgm36HYqeXiRzxfI8kq+CCpp309RFHLDKwskje0Oa9pGC0g7EHyKhTcXdbnRyqSs9jjPtG9gGy36Kq1dwPp4bZcgDJNYHO5aWpPU/N3H9Ref2h9g+HKtlwjtTOk1R12V+Lqvj5r37/EznEOBKV6mlw/w9Py8j5+37T91sFzqrNebdU0FfRSGGopaiIxyxPHVrmncFb+jWjVipwd0+pmJp05OMllFfrGOa3GFOsixMFPGRhKPuON+iUYzG/HXKASuVDicQdE3L/wftmLP9qPuqr+n6kW/CPtkLe/0ZodeRG0BAAgAQAIAEACABAAgDtv5I7QOkOIXaXvtt1nY6e7UdBoyrr4aeoyY+/bXULGuc0EcwAkdscjfpsunS6utpJOVCVm1a/ux/g59TpqWqio1VdJ3/M+3Vvt1DbKSK326igpKWEcscEETY42DyDWgAKOc5VJc0ndksIRhHlirIdYCYOAouAAeKEKeHqgRnjnbIAR70A0VTWHEG26YjfTQAVdw5fZhadmerz4e7qpqdFzy8I56uoVPCyzn7WNfqfVlaK68V0swaT3cWcRxj963oPyrsiowVolZNyqPmmx7oi43LTl0p66nkczkcOdoOz2+LSPUJlRcysyei3GSaNncZ9B/pntUGoLbDzV9ub3jOXrJCd3M9SOo9x81V1qfe03Fbl5pavc1U3szUdFT97C043xus9JWdjRWCqoiMHlTGKohTUJdvyeKaHLkdupeRhy1JbI7ZERPTPkcXEbBSQQyTNpcDNIfNYKrVVXDiavPc0xI3bA07n+c7/8AUK+0dPlp8z6lDr6nPU5V0Nhau4kaP0AKePUlydDLUtLooYonSSOaDgnDegztuuyFKVTKK+pWhSxJjG08ZOH1+kbS0t5MEsuzG1UTosnyydvxpXSnEYtTTk7XJ6cNzztOQdwfNOTCa6j6hl54gCdxsmSVmSQd0O8jGMJruPNX8Z+zvwy430Ji1fY2tuLGctPdaXEVZD5Yfj22/vXgj3Kz4fxbU8Nl/Cljyexwa3h1DXR8az59T52cd+xPxV4T/OLzbaM6p05Dl5r7fCe+gZ5zwbubgdXN5m+oXoXDe0Wl11oSfJPyf9mZPV8Lr6PxJc0fNf3Rzv8ANS0AtwQfELRqXmVzlfYxyR4OyVMPeNpQQEtx8SncTSf0lXIf5n7ZioO0/wB01f0/VEtOES/3kF8fRmil5EbYEACABAAgAQAIAEACAO/fkVxntS6p/kBXfnG3IA+0nL6pbgHQJAEnySiHqXYUxOPtIEEue1jS5xAA6koFKnf9SVU8b6S0uMYOQ6fx/m+XvXRTpJZkcVWu3iBR6XTcUsrnPiMsjnElzskk+OV0ORxxg2OqjQstSAWsZGMdMJvOh6pSGX6QH0bxI/mkb5JVKLDu5RL3abxWRU0dLWDvY2AMyfpNHh71z1IK94nVTqytaRRtaaVht9d+i1ti+86o5eGjaOTx92VSa/T2feJfE0nDtT3ke7k8rYr5tzZW7DqqprJaoGW4RDokaFseS0YcMY6oSEeCbs3DWqvUDKmreaWjefpYzJIP3o8B6lWem0TqLmnhFXqtbGk+WOWbPdU2jS1sY+okbT01NEGxxtGXEAbBrRuSrmMHLwwRRVKijec2aC1fR1nEfV9TqN9JUMpGhkNNG8btjaMDOOm+T8V2RjyQUSsqT72bl0Gx0YyJpDYncwHQhA2xadF6nv8ApmRtvr2T1drJxykFzofVh8v3v1JJU+bPUmp1OTD2NzWqpjmDZYXh8cjQ5rh0IXNNWO2m09iX8MqMkZ45vM3PQ+CL5F6GHlDwQ7Zw2Tthu+5z5xt7F3CjiuJ7pRUA0xqCTLv0QtkTWsld/joNmP8AUjld6rQ8N7R6rQ2jJ88PJ/2f/wAin1nB6OovKHhfu/uj58ccezbxI4GV/Lqi3NqrTM7lpbzRNc+kmPg1xIzE/wDevx6Er0LhvF9NxON6TtLrF7r/AD+RldVoa2jdqix59DT9TE4AjBVmjni8FK4nNxoq5H/M/bMVF2n+6av6fqRa8H+2Q/P0ZoheRG4BAAgAQAIAEACABAAgDv75FX9lNqr/ALv678425AH2kIyUAeOOEoHjWnqfFIIj0+5ApicDklOEZHXCCeqaadhwD19yki0skU05YRHjTzPokp/eEfcjujs0FMNmDJ8UyVS4+NJIffM2EYwmczJOVDae3tc0t5chOUhrjfBFS0PdOI5dlLzXIXCxHVEbg19BUxCWmnGCx3Q+n9iZKEZqzHU6k6T5o7ojJNHUkmRbqh8L/CKcZB9zh/Wqytw1bwZc0eKt4qIgK63z0FQ+kq4uSRnUf1g+IVZVoypy5ZF1Sqxqw54PBN6P0oLrUC41sX3nCdmuG0rh4e4eP1Lq0mm5nzyWDh12q7td3B59Cy3y+1FFVMo6OmYSG5L3dGjoMBXMY3M5Uq8rwVie2VN5qfviRzy8+24nOB6LpUlFYOJwdR3ZYaDTtHSwNhigaGtHko3NnTGkkj2r01Szt9qIZ8/JKqjGyoLoRv6VpIstDeZudlJ3qZC6DH2noqi1VjqCbIieeeIHw8wFHUtJXRPRTg+Vlyacswuc6xY6BIKIdHvzD4pU+jGvcHxhzd0JitXIu7WO2Xu31FovVBT11DWMMU0FRE2SKVp6te0jBCmp1Z0pKcHZryIp041I8s1dM4X7R3yfZgiq9X8DYpJGt5pZtNyP5nY6n5pIdz/mnn+C7wW54R2q52qOtf6v8/5X5mY1/BHTvV023l/j/B86OL9uqaDRd5gq6aSCeB8UcsUjC18bxOwFrmncEHYgq67SyUuE1Wv/AB+qJx8Gf+9gvj6M52XkhuQQAIAEACABAAgAQAIA79+RW/ZS6p/7v678425AH2lJQAj6Tkuwm4tIKCAEho8Qi4gksbknCLgkeNjHVK2Arkx4JLgBb6IFPCwHZLdgYpKVrwQWpVKw1xTGstsimYWOaPQ+RTuca4JnjbayMgvAKOcFBLchbzo8XmuopO+EcMTnd+c+05nUNb8fHwyuetSjVab6HbptTLTRlFdSQr7nQWWBluo4mmRjeWOFnRg9fL8qmhC69xyVa1nd5bIeO3VFfKaqqf7Tzk4ClulhHKoOTuyZpbbDCAGMCa5EsYJD9sAaOiaSqIGME9EXBoV3DfJFw5TBV0bJDHKGjmidke4pU7YGyjfI8iB5Am3HmVoHRNFBKIIkdysJ9EvUOh41vPCARuQhuzDdCWtEjfa+PvSt2Ym6OEPlVuAeh67s8as420lIbfqSzG3NqJadoDLhHLX08GJm/t295kPHtezg5HSzhxavHRT0MneErW91mnj9tjhfD6XtUdVHEle/vw1+58VFUlgCABAAgAQAIAEACABAHfXyLZx2pdUeuga4f+425KB9pnHISCM9aMIeQQvbCS+BTwjCEwPEAeHoEoh6wDCaxUekIA8TgDAQIz0IFEOGDlAGCqm7uFxaMuxt70qVxG7IrTpr1VS4bWyNaD9GMBoTla5A3N9T2i0+Wv7yTdxJLiTklPcxsaTvdk9HSsY0Bowo73OhRHDYgB0RcU9c3ARuKJa3dAhl5ElxRDmjGEtxGexfRx5JGCFjqkFB+26BDHN7UePMpVuD2MjAOUJBTwN5XE+aW4HLHyoY/wCIrxMP8TfniiRcD4DpABAAgAQAIAEACABAAgDvr5FsA9qTVHpoGt/ONuSoRn2mSAetQKepLAeosAlxwlEbADIQKKb0TQFFIAhPQAeiAEgjKBD13TKRCjWaPvRjKehrCloYYC57Bu7zTWCjYzCNo3IQLYAASgUyBqBLCXBKtw6CWDdDDczBowmCmOVu2QnRYlhDNjlKwtYyNOSkeBT1/RCYGF/0U4a2ZIz7KRjj0nJSAcs/KifsFeJn/wCG/PFEgD4CoAEACABAAgAQAIAEACAO+vkWzjtSap/kBXfnG3JUIz7SA+aGguKSCgD5oA95ggS4jPM8AeCNhGZEDgTWhuUe5PmiwZZ4lQqA9EopjzgpRD3IIRYLiQ0HwQxTI3omsBD3YCVCBGMjKBTIgBDv60IQI9kjFMo6JoCXDIwlQGDONk/cQXGUjQIWSCgUxSfRKchGexkcqRgj0HJyhoU5Y+VFf/xGOJbfP9BvzxRJAPgQgAQAIAEACABAAgAQAIA74+ReOO1Hqj+QNb+cbelQjPtGHIsIhQcUDgyeuUgCSSU5IRioxuSkkIZc+qQW4IFBABnCAAnbqgS5jd1QCEnYFLcLCmnYZQKe58UgGEnnfgJ2yG7scNGAminpygUQ7dCA9YjcQWksKeHdFgML/pJ6E2Ehwa5G4hlByMpothEh9kpyBmIPwz3peolzMz2WgJrFRyn8qI/PYd4kjP7jfnejS2wHU+ByaKCABAAgAQAIAEACABAHe3yMWf8AhR6mx/8AYdb+cLenREZ9ogfVAMU12d0NAgc5CQNiA7dKJ7jMw+KaxUL9xSBY9GUAgJ3wgLg5Am54gWwh6VCic7dUdRrFDokHAgTImnZvzO6p0mIjOmjjwlAHiADp0QAZKADJ80AY39UqEY2e7Eu6ctsDTPHIHNxnomtDkEh9koQMbxO7x3o1PeBiyOOcdE2w+5yd8qFJnsScR2A9TZ8/63o0r2G38R8FkweCABAAgAQAIAEACABAHe3yMZx2otTfyCrfzhb06IjPs+lFBr8JWhtwLuYotYD1vXCQDM3omscKB3SAKHTdAgICx4SgEec3ogU8f0CVAISiMWmihgnogRimANCGCQvPigUSfNAHmQgA5vRFhAQKeoAQ9KhGR1U8tl+CfEZLAunnDiASlkgTuOXkchPomDrjWB4aw4805jY7GVr8NLiUjHHJ3ymx73sS8S3/ALX9Bx/7xRp0sRGRd5HwdURKCABAAgAQAIAEACABAHevyMn7KLU38g6384W9OiI+h9oECiE8Ye9EMVCozvlNYLczA4TbCnoIKQNhXMUAHMUBk8J80AsAgU8PRAHg6pwh65wb1KaAppGMpOoqFJQAnZACEACABAAgBQOQgQ8elQpFVh+6kKSGxFLcbNcWP22TyO9mOjUvMfKmWsyXmwYYpRkNCdYYn0MtVN3cBA6nYJqV2Ok7ROWflLo3N7DHEpxG5/QbP+uKJE2FNWPg4oiUEACABAAgAQAIAEACAO9PkZf2UWpv5B1v5wt6dERn2hHRKHQQdinIaCBRUf0ikkCMyaAIA9zhFhbnvMm2A8JynJBewNSMNxSQBP4XxTugGOcSEew3PomiMzQsLYwCMFI2KLIwlD3HjjsgUSBlAgEEIBsECglsAsDwSCHjxsi4rIirP3w5TR2IJbmAtz704S1xQBDSkY5LBgt/tOdI7wOydLCsMp5yZZMzzDb2QmrA5+JnNnymzOTsJ8TD0z+gwH+uKJRSZLFWPgimjgQAIAEACABAAgAQAIA7z+Rm/ZRal/kHW/nC3p0Rr6H2hHRKOPD1SoYeJRT2L6RQ9gRnHQKK4vUD0QHU8BynIGepQQIBimdU1idD3qkFR4AOqAFN6pGKhbuhSIDzqE4RiSgUGoAV1QIxBTrDRTUjHI9HVNewICcoQpDVX6u8rojsQy3Ej6OUooOA7t3uKR7gNrec0bXHq/cpZ7jIfyjmIDnCaORzb8qAMdhjiU0dP7zfniiUTJj4GJABAAgAQAIA/9k=
2	Recruiter	rec@test.com	$2b$10$WIMrctedCaVCpz2Gdv6DU.Vcue7NjZPd7r8ng4FzSdqGHjVVDLiru	recruiter	\N	2026-03-04 00:56:26.355306	data:image/jpeg;base64,/9j/4AAQSkZJRgABAQEASABIAAD/2wBDAAYEBQYFBAYGBQYHBwYIChAKCgkJChQODwwQFxQYGBcUFhYaHSUfGhsjHBYWICwgIyYnKSopGR8tMC0oMCUoKSj/2wBDAQcHBwoIChMKChMoGhYaKCgoKCgoKCgoKCgoKCgoKCgoKCgoKCgoKCgoKCgoKCgoKCgoKCgoKCgoKCgoKCgoKCj/wgARCALKAdoDASIAAhEBAxEB/8QAHAAAAgMBAQEBAAAAAAAAAAAAAwQBAgUGAAcI/8QAGgEAAwEBAQEAAAAAAAAAAAAAAQIDBAAFBv/aAAwDAQACEAMQAAAB5kBI05vAZgPVQrLBG7C7LWPCIKuWpPl3r9yBHIKBo3DIax6GaclvWa+fqZotEVhbOGzCchV+pxECLBTgpt+o8034P3BV0a9yoXxP2ePYzkvRzO8rvZhwEghmuetYtU9FoovGIl6fFrT0yWlfEsXIoKdaW0aMa1DVBCXzLKhF4bg+OV0Sk0OAmg443uk05pwzDWkRmq9BpmXDK7fO6EEiwEbRtV1ZMkl5cHvee6HLbFl7TGhPTyZGWL4gXKMzUsMnXCprI8wg+GNFlD2FVaal1GMV9NXCIszdeJ9laJJVurE3HDmZHW9LNe7FUsNnCYwXWg7SyjEZfjM19x97zVJp6nhcnZpUezsgT2iGEHqc+dPiZTxrA9yuaU1ec8IPSKmFuwUZ138ruvj/ANj+MZtr7Ao2eVanvEgEb3WXFpKcyJi+NV62SNXSIwOokcUNNYYkMp4tpNSpQd1orK9ehKHmBXqw7bzSxynXZXZRUMmwpIwlmBy2eYTuHl0SJV6e1tce5Mt63NrBvq9ioYtPM8N2vP7IYGtTV6/FtDKHy2Oh5kjscVJd47Rec6VpaK7K9fN9W1OaaFKODVkJCMFGdKyri/aFwviSy6jxZvn+2glckvqLYi1oQ1tfwIo9MDNyRYd5Qc0xeGeodGt7ELiavSYH0GmmKaEDPnzTzfaZxWxPN3quzpsKrIIdv5h2Wcz4O/gYz0+lpcW9Mxz5A1IfRCufawdGufqV3Q28QfrGBEaCclBGV4wrppGqoXPG6g3VeotVjPGjQzXRjlIeEKJh06q+bDHpVWm1ULcCfsvTQGy5TmDsEc6Ztd5TFblKXcCwG2GiE1kNqddPaBfNXH18kzDoNDlCQvzfQ8h12mHM7KJ+OJw2knS69JlmFF4k161uR1bvK9Vfx6liz4zWFPTGI1eetZJzI0eWNUqO0NlhM16isOKdSueyuugsDKGUK3IOVVkMK+dVlW7eYHbz2GhW4Ezn0qyaOs0qER0Qg+BpEV/mQe75TtH03ofinYwbtcoOKnbGDrYbHh+tV0ag2V2PYST5hpdvz5TP4Do+ndvl+f8AeOJ5vm9e04xdNuh5xmqdtbL0beHf1b8lYuPlEWk89SpVLsA8DqDqvc6qWcWHZ6Twk2FeCuYtDGsXpepJ3uA1eHZtZJuxvgXsGdrC1YskXLyumyX05vcxE426la7kbc7zf1NUj5v2uNx9e+g4u3govUmyOwRI5dTgy2pofRHZ3zNKq8uT5XR5rbg3/knSZ76sONJY6CauBYL1mrwXavgtXscRY5E1Xonhs1cAEwsXBa89UAbtCiFXVueo2bjssGwFb5bxZbpLZmkjsVmA8CsJZljP1K51mWl3i3TUWkefD11w3LbDmSluy0vlLMX+lfMu8XM+Y6P5r3znorF+exnzX0D5N9bpp6rlfn2PyfQMPkbOdrJDPWtsYnUMmjgavPgaVlHrZhXeZ7PmOt1MPe9bo0EYHPAS2LjWcjnDD2AHvQsHRdny3LcJkS9SoWGjTzNHHI62VPSRi6xCp6+mkaVcGyFEeAqzyQ0p1mv85Fnv9O5PEgNl9VzWdddh3Bur/TPkPR8vJyGB56wMpeKpGKcFoegE+3goBS6uDpq12UWb59LTzH38wlPe6JYigEWmx7xIIEUqUXVBnOrtqLaa8KJtCN4t5djeys9XRw9XJV+loZaK3IM9ZHoudptLAtynXWCwfviWhfo8wLK8qHYjjyHvpOrOvygv1/PHfMzfV3FPyLQ+j5DQ4tbvM+mbjsz6rldT52Dquc7du83DM7MgFVlLoZmnSWw1z7r+dqjiOzEpeoEmEfk9U1QgopBoJV6DZG9qNTyb4+ddclWuO0F6xMrUZ5a1IKDVLB3SaDLSVSRHdAymmslcFIlcQP3abORuwu0q2eVAEDYOkYWrzZ3ij5cx3OBo88yNPafMRwOiwe9HJmyyeptYmmkUJoZjjKPYQbaB3EnOxktFhC3h1CswO/LVcwupQk2JqA1eZWkhbRQBQnQg9S3aC08tw0rrt5Wqetbym9LUkFkVu48UnOdKyVRJ1m2mhyulRvHVqXQtOt064jzU+gfJfpLHSVAFEog4G2SEOgUaGFh9Lz9ThJPpj13wOjaQ4MNw6YFDB5jJ0BFqypRCThIEPcJRKPe8RQRRdQXveNKIOhN1PCl9PrLFL0OICV0WUl4NpMZ2kwAwNbRlZAX0b10R2zU1K4mcM/e6Xyyjn66T4/RH+z0+ddtNmMzV0FPOzu5RBcjl+XsnYZ+KezPXSM89VVa5ivm7uUKg3MFznG1RZhYdxF2tZPwytNjOMsE9cQtekBCCpHNT3rl61vJ5IDax0qxFn0zMwywOqYtpCmmW8aGW7aTIbTWFdHObx+hE+AucgrWaIqkBafkjZ66PArWGr6R13yX7XLNHxv6Z8aNY8KlnausZkcdwmKS1mIafAvnbeOHzrTvjTkzoL9PJMavWYCM3I86qQYmiBZ7PdIwuAyU9zzenjxPDnhZRlY0ySTD+hUM0FLlCZgIXqZrNNKX5nGV3gUTzMdDSTYOx1B6lco2EYY6GZqqcmZJemnoX+s4HQZl4L5v2nDadBGlasetLzOq3nVBqvGYqkDTNVNgJvit08u/SBZnsyGfa41BMO3HSutbszWmoXskzMckDIAk3qE4TS08BrPK9RUbCT6VwyBNxqwJWK2nu59GXNont1NbPJGlihfWGcNlXf4tKGi2Umbp1lTCt1ZEZDs1nkzaDQHI6/mPD/QPn2vS/robOjBDdy4sq/ii0QGsalagGyqb5jmLMvRnQGDhfQXVZTgqTmIdDR5NOVyHAQ4Cicr1uXGwmfiaLBM4oKxrVFxE6KrNrrpVremXSXRyXBSSUDHZssJbOTdLAQzlQDJd/lLjvn2wbOnkaubYyXD3NHlajNhrJjQx9iWvi/lf2v4to1ae7h6+vzHmlj48tVzh0SFEw1QLNJnRjmucbVxmrLmEjpUb0+MXFphZWFx3joWoJiNc/Ryz2Z0oC9neEZZ84vFA1Vk3c/tlQmWnptXy8KTpomno0c+8Tu3pZ2nl9N7F0efr5Opp4GswCgwK0GNrA2VnTdy9TT4PSr+pGqfR8D0bU3Pz99w+PHY3q4exqxaXliTwlgd3FaNrKyefp4zbDJb3JHUz4dkucJactWQvBPEWlZaI7eSAirdJjtys6S+tgHshbtbys1gROfNWyhriiijK09FkWhZrWdQecncxdHD7FH0DMkKHX2ePdtSXGkpJYg0yS3nb2hzfR5p6TKb66PkAfsPy62gKAxUc+piabz2rev3lGuuz0i085iONha3OX9DwbRXexBmGkiP0LSX8pwI4aLplEX3gPdpxHfeNo4aGbbLKobmdrko2pp37PpaKqWb15M4Rwy2CrcEmO2JoqnoXmen0NJlRruivkD4gqqw9ntJnaYUZOZ3dxyyh0SvIpy3fTQfKVjXqMKgzapqep2+7znTd5Yz2GuUTKOX5/rBzG1/QuuO9WuTdwNfoVzek51ei4z9TR0EdePm5auqLrJ9px3ceVrxgavKrXVxiIexMJlm9QY8EjRqYVJXhR1TiqsUWSuxo5epdQ1DdmcQt4xoKxLyDBBc0lVKA3rYugMnUb2BqSwvWFqZPVzzW4hx0fL8dSrP6yHQx63nPZ8KqzgtOfLVZx671jqO0151D2WqzcFC9jwnb8oco3wTOmo+Bbz8rQA7fb+fq9h0HVcq6qGLVNre4b1bdWQAJwtQTqVVo6mVSV0Uo00lnVp+hrreHHRPg21+fZeQFG17xt88cFEruv4zoz9SxldPHG30eNv4vUso9WdOT+cfalbL8M2trn9WfrEsmkc3T1z1JBHI8HbuIyBqirOVJJS1dTwlyczR4A1fdD5hz83s+aTtjQ0ReF6nH819D+X+7kuuG3uinrRpUbSmgGBPnFZM46Cpjx6uNcLS1EHo42l4n0+oExoemqpXSrDm51k9Pm0CyrfPePW1eWEpRAbHQcU7Pvp+5w+5it1VcegkzQUPnzuQ6bjL8uyoPZFjEm0tYmhNHgMDtMGYjXxCiukx5d+W2p3BoneG14dRIX0lareNuZ1yOD+l/K/Xz4Xuj5f6RG6kz9RZOo9eCzyzUNELvojrFBGnPeKjdaN+J8/wDYMA0Ay1Ajy1EeynZeI1NBWuOlNZG3mLVbW1ZFWq+oOh6DhY7H3bXKurnduhmcr2ffNax840vpYpeZLQg2MpWd387DXA3h9RF83O2E89o3uS7fLv0oMz4ozlDq6ZRrIuzkThe04TX21wfaW9JOLy/sfz7bTnrCv72IvglR2IBdKisEl85PJsZ9jhlnPH+ocitplX29lpqUYqyaGs8rnjfK3sO3k4oug532fLmae1YpIFmuatLQoqcxCi3rjLVJUE9TXS8P0nm7HulOr4GlPOU2t3m4+osYX0j5HQ4nUWztE7uuvPvBhm6C7TMGhbmKPD9V859nu7WaVGNnIX36elwSO9zfuY1SGHpncsFsqtGIZVmBhz69J1Q/ne6T17z1O8t1XM0wbLy2jl9XSx97IyTaz9BSmXBx7K+55LVRG3+YeaM2xovpsAurmVEzLi8uslHm/O9jF73m+v8AL0jEfAzTP0eVuSy157pPntG0us5/dOTWQ1lPG9DQuO+afprcCPTxd3b45K30tO8n2l48sXVGu+Hnsrf4v2dYhqMexicZW0Z3Ro4q80gm8eZ6zhun8v2AOItR9fQz9dCRGdOx0bY0XYZtbhum4Xd5AF2R+x5I24tfMZtRy+AVSik9YrKaJYru+V9Dl6ryfn+oB5liKp7ulXz/AC8ZhYmjExym5XvV2QsM4sFs1pBdWq5i7UIQRdZZ6HzL6T8e9LZutGZ062dYRfN8wKWpytkU4Ls+b+ifOP5n1vMZ9ZeDsULmlrCItZSdbynS+T64Xa6GP06XqeBwqGW1b3G8TRXOoiynpyCQfS0ebVj1vX+eMSq7JoC8SFlyrM4fcc6Pi+p8z0eo5XfB5oMdlvPlNUquPIioxf0c3Ndnz3UL6C00rngyKrCUV1snSQcB1HCfRfU01+b9NlWfR08fpM9NS88153nQmPd9Dfn8b9L+casGFa9/osRQvZ/KYYaVmFZoNZMa+Du+V9DpuYevg9VxpbHjOyT2fp11IuG2Tyjgr+dN5hLplA17Xy9Isxj9O7ecanmUHqJ4feasCufX9KridD4GWTjWijohaCpkKMIbYM9HkbGPQhzfZ/H9tfpDPMtpXVQdREuV+i8H0enRzvQ89uOze5h9D5GSOP67FZfOYr1rLcdq5PpvkDsL2fPP7Ncrkmgva8xkjLSc+plnxekfqOR6PJ6Wpg9FzWbboZdVdUbxFnzwYEd1q188R2i2vzyecWyeqN5HVvgYsdTzfbSOkWjfR3MXZ+d83G2OU7S0SGuLzM6mbs4uyTbSpF1q/NOk5z2vQ6LSzdiLaC2hj5MfOjX6n0tpOX7hrFm5ro8fVkdnkejyI5uKLfD970dXP0FHqmsVy+LKHMbPI9UgLZ5CWkwS47LZvTwzZ9vcc3tYuD2xgKDTlt6PFYi+q0sP2ik0QltA43gjXQdvPv3aA82AWSpMEdt2nz/u/nBw3Zc30zccpo8vADNaV1N6D0d/mUPV9/3dHque6by8LPIs1M+Y3+cc9DX1+oqfxPOUFqYD19pi0eX5cKyv0GpnwZ6oplZ8i029r8kdr27vCJVKLEoS+WJrZH6vIKtg931Y9SU1t7kK55iselzsh2mQAOk8rcih3Ca25eN8IfCnq1mnzV+r5hl2/o3y76P8/wCrmdNmaPnYDTXm5z6YPMbrvbNrx+6otIDe71srU52KzLuZ+yI8rr5GqX7LS+eZWHL9Xw+G2Op32bx7KJjqMU9a4aApTLYA66fNY8vYqyKRd1PTXo2KK1hMTE6a6w/ZfSNE1Wtbjq8HqaytsWXu4V0v9GxMhhpdjCS5XN735n34Zr552nAMnZ8B9A4DrH+hfOe88P1uhPB/n/LQ4HteG9ffldhxhvSv3XFlRQaowLvYUerUEdyPGJNXE0QG886y3syk0XX0s3YEstVpWmegGF6ZwDvTV5frR55e9WEe0x5G9Me0Tn3rSeCL2m79l3I+mAJl2ja0eM3hAjm01hO8QSs6GptrCeTHP7GYHMDZyGDXf8H2/jenu2VxPKzU5TVxPa2+96bvpZjtVZEl1aR9Tquc0+YFdUlM7bKVoa9ABQJqG/mPq49bE10dIJwE0p6tMiy5xaPK9a0WiGL0RbR64PvenQKz70m9RgM3I9nNz1vZjiiabe9LQmfeFBwSDOGkJaTu3zGo6bSnQatE5fn+14da6HRcl13k+31GIbZ8nJ87zGVva9D3ouxcCWiOn9CycH0fmV+enrawQc6fGoeSMjrws9n9FzB0CbSYx66NptByqM5fde67NMaV63pkrat+ZWpwvmmPe5ZsOXBLgsHYHeFuJoF5s0ARFt7xB91pBcraAwZn9B+cup0/FsNLqeRo83cyX8ns+67K6/xLZL/MPpm4tclPY3RYZCHBL91bzZ+Ubmfu8PT6LE6wbcflWMS+E3RZXRyszymvgz2yQLOWwGk5Ku5zKZHmFztAIGlmiRpe4qMJQtn9elytPe8VmfWDRMwKWmvle7ShFsVe8cR3ixnSpBlDdlkdE1MBN7aDafO6+/TPzsJ6Pj/RdEa9PC87gns572vW52kxqCLaV7+Yf6N8+7DV53zff5zrWmv0PI6D6ObHQ0cjvecT9K0J89x5mGqW1T5toQFo+Uq5gFTySi2Ku0rzDteGz1Xjz5/THik3rLG00kmbVtG3vR7jb0SD6455rx6A1biuZ7XS890lH4j6d8s7Ix0HeX6IHo+Pxyef6vRyYPk245xW/pegnEepLNC6DV4Zen5XU1ZMLq8LY6lMbRxmZZtR+WPb0spHWqBZL5vqrHAQABFmXzin0cCetAqUMU4eD6tMnve8U9Ppbp9aOf3veU+n3lb3vSDBB25rRMh4IO4ZcvhtJzVwd9qt892GMe6PAzt2mfOr0HP5PSd1Oe18HqoCKtRg0oO2Kvq2pju9mvaZrnaXKn5p1Fs0aeY0kuo5Tp+W0h6sR53qSKRtELK52hT1g8DREc1hR4yiL0KT6JYeIO/GfRJePR4C3vSG9NfI8z6Q03FPN73vcLjtTh4gvFeiURo1nQiA8WdrG38foYjPlSunROyaoFYrJnjYDbzrGROyakLWbYukUVPL82pM+6/lOhyNgoIfsN49EmRCRZNNAlG0o9MGc1j3d70SV973j1rVgG0TFR73vTM3HIe01ulPemoa0RfuiL+5qemOWtoIQC/icK0YEGM5meDukzrc2jVGVoWQVaZQMVearddm2eEJzmtSJiOb3ve7mdXCYt0A6HniPej2dier7mms1Kz73h0enxFZtXumGQuK+94GZm9AL0xNpmso82pYNaIkNE1nhMR4gnq+DzFqcLMolDGrXweJHDSZWMuQSw3SFNMA2Y4RSDsJ50MJFNxGlbVUemPEemPdzsov6Ah61c59MM9y8+cflrN+Iz3w0Q2ZzZcbGRYXdb3vNxKzFB6L0m3veiTT70Az6JHen3g01n3dWfQVt6JDXIrB48gjgxAbEMEX91NLPDXktNLcsWpA4or17vXpHdMegrPo93T71u6pB+bve95e9tYrB7VRUpQFF6R1Znx70x5xEWrIzEwOt69Kd70w3e97yH0+seH73omY94GZrPdMe8496PL0zFg1fW8OrF4409PikemCPe97u973u68egNHvQV96Y7ve97um9LHoj0Dpifd3rVuwr6Pd02pZ+970MJ96T1Y96Le96B3/xAAvEAACAgIBAwMEAQQDAQEBAAABAgADBBESBRMhECIxFCMyQSAGJDNCFTBANENQ/9oACAEBAAEFArxwUe5AjFHHjSma8QoWnHjATD4I9xb8TAJqaOmB1iU+7MULkCv2Iq7sUGN7Z+v2GEVg8FemYGcdRa9QpxXYAP3Dj1Jq4MpCeO2NMhhrMWvw1WhsVpS+ktO39GGj6b1OcDptyCxnt4zWpsQg2lCSwja0AUikzjp+Z7j7MAhG5/qBDNajIRFOgU0ysyS5u5BszWhYdg+YDG8ze4ramanC8JqOmyVAB8wajqDKfAfxNFp5AceX+JbvaDwT7SNyvUY7nnRm4T/OlhxnHYf8idR9LG8Snl3LE++57g0RNQLNLoAaCeO39vtco1Y0QHgrUz6c8mqCtZN+NTzEqLU0Ota3uGbq3yBNmVYXHBq2K0rhrHAgLORZ2Yxt7JYRToNapH5TjucdQ+D+45LHX/SB41F9tWo3uLIOdhAtLhY4jA1xRt/E8n0+TjHi1eLNBEXnZdd9MiVYWZaPpclKctQXs+P18QVswGbrBdi51M086p0nB+tzf6qvUvWnt1r0aP4KaYuNSzQgEceVVjPKiskxqA0YJUC0+S2vX9empqCDy7KVb2hsc6a1RypbiE0tllzMTsQksd+1/AUci9bqd+2iuY7MyZJ0mJV9RWtz8MXMzMadX6xxx+46uW3WNzB6f38GnJGNRa+2LbhEOjVYDvpuKMPFyN39Tg8D5hh0zdvRt5CcYEjopRFCs43NgDmol2oYBD6an4+h8QehlZNcLElklIdXvqGn/wAwGq30gcbDfiAwnHaqCsRa9FLFPkHCyNtkVmynFra/+nujrXXiqqkZtAyUzMV6ciqlmXAtxqKvqHWO5JPkH5T8uU6EiPl5tnDDw/IHib9w9Ne5+WvawPhuPk7JJ4ry1FMZQ5ZTBN+3j7QZuW+1vXeoZW0b5cfaf/GTYEZCjMQ8cgTjqfkSfavmJ2gosaty7utVEqRA9eUgV62B6fmo71+45Gq6sSmv6DKyubU47XzM6Nm0I9NiVph5JrcENjOK7MmvtYuZd/b19VyVxOn/AOIzXp+/E+YB4u+F8QyzWjoDe4u+JHtigw70PE8bu1y9NH1EIO0G0PvrbiytYXP4IfFIPMc9sm5pdORyLKBWyPMe2vuk9y/LybspsKvOya+1kYWeo89UP9l1Shrx1Tpa4WPidOGQubh9Y+nyrcnhidQysWZHVhlr+qchlSxuTD5wP8JjHU+YYF2FX0ZY3mb8N7oy+KxxIEfSyscoawsddxxo6h9NCFjqCINFiSfJj+2wBnRRubYixdSte4SvlZXrjkfNK8ocWio0JTupMZ2ssQJVmWYNnVrRYO6lAssXJq0PqesG1L6epO6Y2RXL861a3w+k5NNnT6Stvg+vTj7mEddxROPKCa8ah0JqMJxAGo814dBqk8ZYBH3PDBlMKn116L8r7pYRz5eGDGVMmgtnIczW/sif5mTTcfd8JZ7pU71m9OQw8eoiypKbcngKquni2X1A53Zp71lYEPNZ1Chupt0ymhc64J3cPqGThz6ii6yx2ttsYsJuCYlvG0eRZBsg+1R+OvDT9v8ADD08R9cZZqeQfhfmCsCfErPKWougBG8n49K/m0p3a/A1tqeDyz7kf8a/crqBA6kKvtevURSVqpljrug32TBxO29dSd99ZeZwWirpyCvDbQGX7Mbtq+WiccnGx1rtz+l9/IsRq35bmofHp+zMW8OvGHxP140PMfcEMK7GtD4YzW44nGPVAI/gOCBj+Fcl4PMZCs36DxDvY+Gq5VV+1DxrSxfA1yS3k7VkMnIy47FW3W1SsGTVizDz6LWxQO5lg1WY57HULL+3mV5D9PD9XoZeo2NXjdKsBx1GrOp3Lj4/12QL8i58m74gaE79T+OJd2pXvhomAaggh9DEG43GEbjpqBfLLqKvmwgwzYljbij2oAGNfBrNGceTEaigxt8taZXUD3NYxLIdwjkdfY8cV5Mx97VpxNwZqrVZWRjW/TbBkUsQAyBqv+OoNb/W4tvUupZuKXte23Dzytf1YxicXO6pZT0H7eP0UVnO6fjKlWA98yMC6gcdw+DBMfI+6PmM3Gch6mVt5A3F8y3xFaM+4pJjfnLQNGIIqhIp7jXJ42VnmIPYUO69kkFFpHuU+bTqJx5cjuwARGFJuKmY/bYPjEJlUs6X47JMTIuw7B1eq5U6lhVzI/qBAOg2vev9S9y21OhZbCno9yTA6XWhrqWtGuRTkZlVcycv64dIw2oVqxzzsKnFzOt9P7CQRNcq7CoB3BG/H01PiA+WbR3y9DvVewD8N5mpxJb8S9vKD2hmM14+YZ9yMo7KX7VW7Ve+MsPJm+VfVjObkpsRpj0pYleLYrnTWdkcnwUte3ptVgt6XcJh5tVVlWPh3r0hwuB1vKE+oVBjIbgSta53VKqpf1G3KfF6DdkHFwKMavQWZTrVOrsLMLpzJ1Dpdq8bPSu4rKb9LXfsKr2RtichNxjqAeXG2hn7QCOdw8iqjyVjnbdsENNFpsiVzUCHQJeAkTlzjxLB2zsAdumzGOqVTjXjntu+R5pPFhdpEsXio9t1JedWwhanTsxsG+3HFlH0a9+uk5OUNIvV+odqvpeJ/wAhl42LTjVw2ARrJn2gnrGSFwukZZx661Dq9UNZ0RohvCtOiZyY4PV8PV3WcXldn5WSKKeMb0PoBsvXO2YfYPiOgLDwuo1W5XWdaiDymuYgUbBPapiuDE4w+4OhtvqUy4bjkiW9wN9W6oOo3ao6htsbNW0B1cWKC3V8Erb/AE9lR2nTUC0ZlvEdUyO9f/S2OtWFbetcyOs1hr+tiW9Xdoc+4x2LMG1KT9np91bx17VtSq07NbT6NTFwhBgJuuitD6NBGhSKNBjs8fB0F3uM25WNjxxPxr2/7fI88fqLJrYZlKDbWsulX5r/ACrHdXHuTmzVleI5lNRUR1/4+gnJ6NDjZOHKuoumVi3DIrydWTJ5UZWLdTdQrcKur5pg8v8AWVYOFmdRtuaxifU+tdJHTOirXkz3NKV1B8KeMXZgEAA9T6GL5jSusbs0FsPJgvtFepX8I/sbfEuYSSKVaLsr5lrAVj7Y5bAUcQvEHxCNQLKyRGciJkuprz9SjNqeJk1xkS6dSxF4C27Buqze9Vnv3h/T7/cz7+FF9zXW0/nbcbGnz68T6YeFZkt1fLTsUWGrI7y3dTcdvIDaZW8j49T6agTc1D6XGNF/H9uRx0RGfzuN8DWoaX3YraXeu5yWtvb7p/qQYQoKJpiNHjPp1M+hU1viWA4+TlY5Tq9pjW13lGbHusyO9OnWdnP63k87/mMfaviAAkBBAywss3WSKwWv71JbyDOnVG3LJ55CqNpVziLNjfkejQGaiweglv5Azfo4224yiN7FDclG+2OWjS29RPCa0u1UcJ+K8gqj/MLozliLdKmQqw9QqCfWgV/V8h9Qty6acXMGPbFx73P0V/dTp97Ren2GL0rbDpNjFsHy3TLBHx3RlBVx5idYvFLNtkpC071UolY1KbDwDDf6M/W/RZqftjPGmUQgwD0sTcdNFj6JFO6idWF3lhZFH4oQHPyhcM7cXsnlIQdHeihhoG1xOcOC3EYQi4RKU9NraPiUrZ2drlV2oMdK7a1q4xq03ZRyftFKlo3F0KrFrc5KKxdJ+wmxZufpIjarSz3Bjv5h8TcMX59DGgb0IjDU1FjDZ+YPktxFTfYP571D7p/s2wU0Tz3PPJj54rwfyfEWphAoBCqhOQGjI7pSK2Y8Ug7aw5FNj2kr1awp0zMbqCMv1dzAHPeW2ZGNc6lFd20Ryl9cvHlh5rOmylBT9pqLrY8sPjuEH8h6BfTe5vUPmH1+YyxYfJ1pnPGbafojiO1ZE/AjQ3scz3TswL5bcZjstt+JKo9YRjpawzpjjtm3V+RV0XBWL0zArhxcMBq8Su3qv27P6jsNNDdSw9P1fDB/5RrJ1Y592I1vcqc+azpbSTL4/pj+UddFdggkhRqIm4BEaeIDCfRfkw+mvQ+I3kfBZzPJnD3ft0lu+PavafEHunb9zAqPOvM3s/78XMYswrya93shUca4lnE2VnKz/wDg8PQ6NhCDpGED1HCqpxetXdzpHWcv6nGX6SuHqWDUG6zjmZOfk31UY6UU9nmXRweOkvXceH5xhuOORm/IBIWA6CkEQ+ogmoR6+dwjYE88hvlYQLD5l9mgqbUA788j5b5je2J5HBgUdlgIADcoUcwVl3SvmPou3Hx6b1Tp4DnEeLgktk4GOJeDXhYtJycxMbBjU1oO+Qtzl15qKqUZUKWbyvuFxp3njfTV5vYPPLQ8NGft1KfLHbVrobgHtA9F9TN6g+BGn6cabnqBvcyFrOGo6mBH0bCFazan4x1DOnGKwYs7kLviPzqr8kOWNaqlbach2dqtztt9MyHQBC31l16r27sPouEyyshgau8mRkYWI2R1vS/8r1Bp9bnRMzOEHUsyWX1uHT2solLaPtsq/wBiweHyWaVDlF8Q72v+MTXmCfqNBG+X+PhbX281tgduRuP8dxI+uIGpy5PYVI1ofreoPaE40LXwV3yfL22NGLkFX2VdW3erY3XMqh8LqmNlnKsaoJXi5Yy8oUKBV0/D6h1i3IAG4APRYkPo3kW6lQgYiWANE/LfjWzSoCh/P6XUGpufEMLzewYPEefMt+NTUA9zQnUsbinFI/uHAswaGLoJ8TZArrVai/JrCLIQGHxNQHRt48rD4ZtLudI6jyrXExrLVqpxU6nmtmZXyeXkWTnqI3msDmwiiaHK8AzH+WDc+J7Va7Q+So8b+2sDQfivpqOfRfgwQ/IjeYfA35G45jH2XeYKvG/HIRR7k1pRtviKPcX71zbMVdl2Zh8Lx5ux1LHBnIxoPM6f7cjF3x/qK/tdP/XoqEzsmFSJU7BqRyg8EgCP80e201CyMPeo5GwaeOZV4I46Bggm/dr0EMHiEzl5aMBrWvR/EOjLPz3CRAfIBn4hGm/N6cR/t2+KlQWyGBnPkGYtFrDF6fD0GBTsKAOm4zPbj/j/AFY/sectDGrWyCpUhVdXIqGqg2xF4xjGPtbzD4IyHROnhjKVPPL48/03zUSIgEJYComHyFG33yY+oh9HHtlg0ePss4zW2Jm48Hib3AfYi7XHr5jK+61Tds8iZYCs861ya7nQUzNT62ko+VXC7vMLCRpj46rAdD+qX5ZH747nErK7rpUtzivHRDDDGPtlK7PEsxt7FlzBCIPEfyV8RD4+BSWhaL8qugfEfwQfAhixvAHgNGJhMRo7TiYT5NbIPlrGmOCVFnNXPK7t/Yfw29zXk7QMeVdmOsNZBFbGYmJo1VhUpJ4z+qv/AKFlalolK8a6V5cZqb1PmOfJn6xnCWfUVVTyzbE2eXaPH28ZWYNuQNFou9q3hpZ8rB8RYWJP6f4jjjKx4t9BrfHuYQ5Sg+/koPD23huHKrsXtu0j3CP7kRfaE99dPmirbYtXFmcu1Z4kT+rk1YJiHykUTiA/iH0A8ND4mttx1EE/fwvJlM/1GzMYEHeoT4X8f13J415lfxBGOih3LDqA7d31K23LPM5TfGY5fsq/bmK55KNzIs8e9hWh7TEz5HHijfGKCzkDWzVdUOQVNsdcqzzi/H9WV7wk+cfxBFJE02wNAiajRvljsLOOhUSFsQrGt8v8qfQeSuuRPt5GO/sdjvmealQjeJX+a/MeJrd58nZJGlqOjdNmKfdQGYLU1hRtGvZbH4qz12KVtMJG2URyeBfklD/bauuuBuduOCIqcRoRAVeoT+oF30tQQUlUELeDGmjNR4W+1QsyG4jmGjPuJtY0WAQLAvtH4wzKt74ZdRT4r9wX55hSDyGxs6V7Dtm9pYbTXK20TfpQwVLb7LFt9px24yrxebmKcuUxrHEI4nIt3B4XGJ7tt9i11KxmExAX4BIiX8r8U+3PXuYp8PjeSvyNzcY+IRuEaDAmXeK6F0uUff8AHpXLID6LoHe5qN4A8wJtG3pIj+aW9/KAxzPgt5a0R4GIlutQeYp3B4QVHs1ajJyl+QFr2dIeLMec4+4nk1PLuuFL8uQxQGiKWbLIFPTnFkryu3DkBq8pAL6W4OTEOwfn0+KmjHxlR07NDHk81KvMciVjzD7ihKlXEf3KV1MKhSLVAnbnAitXIdG4Qt73bTEwHQI9xE8dx/dPMT5VtQMKx3Dw+IriWsTN6h2VrZ2Z35DXEqPab3lF1f09RGqjLq/tZdFuLct9qn6zIZDawncJlL7i+nxB5YwUWWRxo5jaNl9loCzUcxdrPmI0BOljRT5U+bD7umDu4bfKW7VhqPrdflwV4MdxvxEPmN4IIHpoRflANcopDDntl4sra5M3JifatvGctsvkpOOzTuU1nQUI/dEyqasijqPTbMOC0iE7gEp+avI1opEnKLdZXGsG737lmtQOViuryyvkBCDB4IfYqGwywLGIE3OmIow8ys12/ROL8gILLK3KL7nRF7LfA8hdaQ7WzQGho/huINlxwZzyOOxRRWhLEb4cAV9x+FEAiDUUeRK9g12gw7YLZ23ctwWypz1XpfC44F/FqLqyh4muyHZUeTCdPlXBKrPCrG9AfGJ9xMlNxoNaSYx8sk+I55SosW6KzgZyc7mprXDyNVlr9jeojeLDyraBvAOpavvZSY7egHF+DS3WqDqWeITyjDY+GJHFdxWm4up+qB5tYqoyrElmfkObch2PNlZ7rLHZm0uU6zvkylLmiKeCzl4tt3H3LzG9qem9zpxAyc5dPYOJQTURdGzwh0QKvfa4a7CurbI6hoTv9rJyMiy6ciFHlq1Cr57bnUUFo2gPGmjjXog5NbTZWrV6QT5hPv3seQTqAcR+x5iyrzKq9kVJp6K7J2NP9QlLHNwuN+ZjcsvIUs2OS9FQSHxB6Mvl2jwnnZkfB+P3KfbZ1JQljDyo9oBsFVXuZlWuvJKQL3Bk470nGu7GT1KzWXrk2Tw79IQ3fDLXuWMdnRFnib3ADHXirH0cms0XJ9N7roo4QeZ2vCr44+Kx5b0Bg9rVnzUCYjnhixG7oyMZb683EyKlsuYstjA0OdaXukARStlrkctPxf8ALJbyng5HwJxhTRr8v1PndWKmcmphXWSJydUtI4kd0jDKpkMVmUCK3t7rOfYsIIY8S2MVRKveGg0yK/2yFFJ5GGv3H5t06hhKR7W1FJ1uE+ObbjwCfEr0YnzjNoIzl8WrwijaeJcCGyel4+WvUOnXYTodSjJKs2Sl1FToGWpLBkZGqrTwV/mO3KuvzFrDTmlbrV5y2LCpTj2X2WNZj3PW2RWQmMau99Gt07AedSpDTrhU5NFgWN4h/Jt6U6jcexVy2x2o/BNFuX3B6CcvZWu3BjrqLtZrSqVhPuDe2HxNzlEaUe6Ya9tcev3j2zU/KMvm8CyvqHRlB4BZ+tTfJMm3ijhjF+P9Qvs1qADb3ax9ebW9yeEw6a7cnNwlC5OPzxKsbjk9vU4hZ1ShbcbOLl0byzFoD4r8t5iJuusrXAHMtBWDYBTUDCETRldjGD44BSbNxuOrQRXrzrbcDxPx6H55Su8hMPJIOK2jQ3Nufl3AUWGyW/NpPHPdCQdmNZwRnZjxOwoCqJTYVKjk2n53V1CntjtfT2tMOu1LhjLXk/jRyLULUQ6PzhTddhKZHWVrErTkbPBQFpUApPkVqxR04yhh2nFYqX4B1OZ1+/EQ6Pkh3iAcLX8oG42AiE+KvKtvY+dTXhvE5bGN3DMO41LXlAjvbX32AkxOBmVfWLcu0WWLLrNTyx1o6PLeh8hNCCxbbq8QacWpH4GW2ixKQBblKzPkANT2ytZQFcFuDb8FB2+p4/8Ac/T41eO7Gxms4eijYJ9hJevHpa5rFq+n/wBeWzvx+uUZdSobDAMVXZsCSm7uNZyJur02OvEuQz1L9wCGNPMrs7cx80Wv29It+m+o5razWxsiNduO6S64FdcjjoGFK19yw7fgGjrydX1j0gi3FqsaZrilquNp77Y9iaZuJZ7EImMeQrcumBUwG/adlM2vdl9NT0vi+Hx7Ri2Di6zl7dDY2QD7N+0HRO4R7vMXzH+21CJ27V7bZA5rj+1uRmhateO9gyEImC2mvVjcK1SH48xdRtSq2yonqNboMvD4M+OAz1RLaVDtzZQBBswe2Kjs3HUxa3stxKQy2LVXi4o5HJfsVZNDWW3UEhu7dhK1dh1u1pSgMfH4LiF+RGrOWh1gt9VR/wDVdSiYVaVpV1PH55m/br2D5rPOz4BI38MW0E+dxFjfjV5wafz4ssdYixF8Ya/fyvtvhY+5mAVTieLFBDt5y4z5CfBI18nW4K5xh8QwSn/P0kpXVi0NlXFRiUq30vTeqOXrxSn0zFmxfqFYrQONrVlunKqMo1H+On77GhHU68Oj6E6/aO/Yw1kNaarWO3yBfVbSlNSp3KD8rpHb3OJuMx2PEHwjbSs+MU/2lVpSzqCBI0MoQvMVfex5THbtNm13PlvXxxzqN4irynnQ+CZqIumsETzLPJVGZR5n7w17jVMs6mfsu5NYRMnD+nNcpLNkuta5h3amVjlLumooC/DjcxU7dI+OW4d7zG7SdSu77YvuxrE991P1VePQlFXUSYKZsJcwHMJ7OI1r2hCYFUzZmJ5Vfyx15Sz3xm/sHyHIxj3RvjHGsYj7VY93UHt+svyuVQaFtxfAQ7Nref8AZZUnN/gpZwjWe1me2FGErrLt0vHH0bWLjtS1eRLqEuaqjtV5ADJRkBbLjuzG1vtjjVXwCfhP0YIZlZFQmKhzszk0zauV1vjNY6t6lTkXS+upA947lqaSsk0J8e/jZ5A/GYxFcHzjkhUigHDfFYTFXtqAu99yi38an9vUH5F/neoIN63EQcLR7qNrORCEgRm5MBymLSlt9lRQ4akU9NYdq9FYGks+GwDuz8c2sGhCy3VYVjWoW7plnhavwMb49OsZ71WEvZX0yx1dDwFy92msA0tu1cxWpbPye/evzazNMavktQ9ttg4kbrnGUNs4dCi2ocXsAB7fHFPk1D32N9vFPEWHuDNxlxqntXg52TBE3DrQ/Fl5W2n37nyyoAza44y7tzPBXxi0uaqcuwOvaCrwyXZTxfPYjGwqWtvp9q4v52HSIxdKHjR/XrhBzulJOx2bxQwuHwlXalG0yepXffNbEhTvRmM3CscppilhRa9cpuOdW4t7hdlXP+Oxfay6RGOifsp7LMT3ZfWcg2XVxh5EXxB8iHwo/Kz5J8ovOFWldQbAxsPjfe/3rMX7OLUDPpqhUR7bC95x8RTZn3p2MKjniEBDrjMj/FQPZRYHh+LXRBiZdeVH+LNvbgY/aDfffbd2tWBJBGcr5BysRqqT/irOo3Amkcl3pqbe2t66g8V8oFExEX6esburANNbccvq/wD9TRD77zuypuyK9NYoEIlhXaDx+MQgl25Soeb9cFHJqDB84VnldkXDedlfZrprP1uiYBqZTBUykuQdQT2YgAW87VCXjkyrWq6+Lfrq+SLr+n1Cl867tU4gWzIOZW9lGoBqN4mTkaijzZU1lOVT2oPmwe6r3I3goB3M7xYfRWJYWgNWn3bwBl53jN60PvWfLeAmzMi32q3FqbOUbyWQkp7ZvZJ5RjxNJMvUBUb7tQCqtxVej2c7sXl3rqf7+xEsUa48vB8TNV3Twa8xeTVeUtbtlfZHlQGqbO47kKhCv1DH8Hq9rGyvp/GtcZOFVPH0zMrt5/3WhrrSpHS5OpN3Z+Kn4xByW2b0XYb2J4iMe5ke1scgpnnjkdQG8nqg5V3+LHOwh1LGBFx9lTasC+T4hPlB7WMYe5D4p/DLrAmOffciMemt2c6kDgqAtx0D8B92c272aH7XFpfxeuvzXm+BmZ5Fvc3RTaOOGnE9XyA0oUBsfxVfldzLccLKB7APbudWp5HGsrpF1a3Y6caKb10nOFvNNwDWHlAfb+TH2psyv8rSGlD6bL9yXn+1pflbYDzfxF+SdlPJt/NPMsOhvz8KNaYDSHzX+Z8iyvgRYCzIGfEOV9NXy4X8g15IXpw/tOM6t3BWnhdbWv8AG08Uf/Jg2/2hU2BUemzaY+aR27el5q2jqeKacirh2MJgfXqHmXUVWPbf2qWyZbYbK+Plvx1FfQP41mDR9B88varecMiyu72dPDabLt532NN+inUGprhZb5CjUZtxaiZb8KTuoNeuLaps14SviwA5dL/wJMjLZMmulRUlYRDrVx3Stgejzup/f1izjhGYDkUE9p8O5ch12epdRP3Om4735HXG9t69x+m7rusylTI14zbT9ScizuXZIuhY8XMMKmaEM/fhYT4nxB5gnTfdk9T9iD5t8N/D4hhO4x8JAfB9xp/yVnRya0tVvZFJEWdEs+1V5bqDsnUMX/EIm+LpyShOF7Sv/Nm565CfvpminY7zYVYrWm8VZGRab7ugeHPG7LpVDVbjuuZlosS+uyusN3Opoi3g+Vsreq3RZBs37qY/JjH2j3EqfQ+Yh8amDb28nqjcn3qP8wephE/URpym/Nf+ZT5stKxrORPyDOgn7iiZzbz8Jt4mPy7XJu4zDjTokeDZ5Qrxddb6eEiklsEaozP81KczgZSrazpVbUfuWex+p6ON0cAY4RTMrj9RUObofc8T5uMaH4g8znucHg8QTcrPFs6xXEbz/HExhaqUNe5Hv0pnAiHUO5X+W2EYsYSxnuMSdHbjlpsy7i2d09eOLDBT/b9jtOw2fxTIblZ2m7fSU5FWi9R7NmegMB8YScsiysWXKCGdVcZejR01V+n0vbPwfEX55blfw/5tNcow8J4nITkP4L88ueEx8TcPooNhutPHqN1XTun5FFeB0RMDh05MB/pK6C+N/qRxA4ldiAFg4ZBXuYT8bu4OeDXvOxv8bWCsK6PB+Ny81dxUtzjtqC9mVWa6e61coz7BWpZraWsfGMwL3S+q+tilqWSywIc3gSrKs6laacXhyLAqRLIr8YW3PlE/H9b8TX8B802N9Psw+oZOJsanB6UUoXCH1vU829ur9Q6p/dZH9QWimnqGK9OPlYROV1nlVdj4tj1dNwO9h9M3Rn9Zx/tOOIrPilw2PTj9l66yllvGX2JRkDqHN2yFZ3ubvWf5cPYt6ixaMdmYeU+K+O3dB+emcPqupUiu8bE5tunK9+XmPbb3LL67vLi10Hcjnx+psxN7IhJI9f1FmOV3y2fVeGsV8mtfbZTy4TBZ8TH/AKaqSqjAJ6h1/pX951bp3v6z1f7nV+pAV4HRSD0vLHa65mKLMd99qk+3GtH/ABqeaFHFuRfKzz/eE+ekMGjZdKjmswzpMo+fTcxrOI3s4H/15zl8jfouu3Mfnx7v2g04iPrZ9dTc3P16fr0rM8b0ZswzXKYPVWxKMTDXKW8MtvOxqbstTVj5FeN0um0dP6B0W9cfArs7vU+vn+y6HbrpvULQ3U68lTi3n71fk4Slum018VaM+rOo+zM/eM/DJz0FV6/FF4CueRm9QtOUExn4W5Lc8ibgPsMxh/akKY0Cxh6fseh+PTf8Nzc34Q+hn7ikrMW/sy9xa7b+nVqWl22CF+OO/bsz+pC/Gx89VxrG3YpfhxcNUGmByHT8az+2pyEvq6tkmsuxcz/fLs+oOpxnxLG1AjMG4VzmGP8Arjtwstbdhg+V/CYx40P5J9GEIhgEPz/MjyZvwh1BGE/f6X01OR3felqnQArsSnG+tuptyLXLZlnIlq5a+alLWW2SrWsc66bhqfoMNTRkdU/yen7cDtDXD9bZ3o6cuLVmZPcd22aU5s3xSGK6NxYEN/sp8fBo0UU6Lz9v8n5A2R8fJb+Rg+T6KZWfDj2MP5bi8SWqZYLrETE6jZjtZ1RnyOo5i3uubzxkWwTtGlcIf2mzj9Ox6y2Xn2d3I9daxh+DNxXpWMnTMTqWc17gFjT09jGrFSXN4x/AG8Wm1+dn+yw/nj/k0sPtDeSIYCBN6PnR3/IwCfIgiwnawenz66nGeRO4ZiWO1mDjMy5fT2aWh8fHvutMppaYtftzzkVYtKnjd+frZvtrrtdCwhw6xntkXAcjhY4oqoCpTm22ZrseTbC0IrHEfw37Hx/tVLtc3+EPnc+T4MIHHkRG8+uoPUejelZhfx8+o9CZv0MxnStsjHodemZ1tL/85UBldQrykVDsDzgqVfqeR2bRmKuFZ+XoJeRxwMRs/L6/lCnGPk4NSIMV3zcrNRRfkN25V+VVH3WPYRz5g+P3SfLn2/r9jzCPSsbIYbs+f5AwNN7/AID1/ZM3643A2ri4NqZlQos6Z058o3UUiar41glezuYYCVdSRzl4BD1udt6LMhp/T6DGweq3967Gpa6zM9kxavpsBn8mYagv02oFsx+bufK+YsA3K/DE+2D5PwRD8geePKP/ADH8lPjf8CPRPmrpRsx83CbGmJWcrI6rcvT8LGwbLcnrNVQyunoqG2oA9OJ7eRba9mK3a6afR/DIfFnuszGWnBsflZ0zXbr+9m5t3PHsIJXyQPt9KpNWDlWbsJiT/V4PPoT5QQ62VGrCIs2YW/7RB679em9PbLOXh276kb0X+nKBMgDK/qC6xKnyFuaxRxTuJxyO99HxYzIr7PTz8y75D+MPi+Z/UZ+xMIMuGNmzqDEY0r+a12byKumOxLKvp+rYsJ9FnzAdRvcRGYa/jr/rEMB9MLNvxxZ/yN65JsSdH4rg9NO+tFEyOv8AV1X6YvVblZtgpyTmHGxPO7yez6XeHEw245XXm2lY29tZrxwnbTKPmUruVoEfq+R9isb9DE+G/JZ+xF+Nz9NP0f8Ay9PupqP1F9lF4n9P3brz2fE6lnVvlzLt6lcaj2mWy0YmXYKsBRuZJJu36PonUpH3+pku3T62syM9e2z2Nq35mGWW2yz7vUG+5VDCJy9v7T4PyIsb5O4P/AIf4H5EpID3XHIezArpxaLO1bdZXlYeXTkYVjWZ9w5EPZa9lb293FWX77kJh8lYp1flEMMGtXdypdiiqfmYB1fi+82tzsr/ABsM37T8RY0B1C25uc5v/wAA9Nem4R64fHiz1ZydRoqrmHknHe7Jqvyh1AVr/wDorTuB8cH2ZNruymHelbwJr32/4sPFr7TMnMn2+lH+R37BccWXwpPjegx9BGHoNRvXf/kPqD46fkKi5DAvQa1cLWwrhcdkkqUyGropZhTl7a1VI9CJuBtzRcnS1/62jj64zBLs5Vdmg8Bzs+g8wQ+u/wDo1/3mGb3PibBI+bG3AeMpYTGFHdtrCWDjxD6l9nJkJMPy83v0TZZBt7fDMd/wxSb6XXx/BfEUxjv/ALN/+E+gjelGg1ZVZYTZaF0lDL3bfczPxgs5R9+taFiyrUmQyu5/hTa1TVBWR1Zf5H/2GfrUKzjNT9uSTvUVyIG0WYkkQCNtpwAiVlzVxpF9rWMx/lTZ22uVbaP+vR1KqmsYjR/8YOpuBtjfmEeD83jUHzHHncSnktjKBTW11jCiqWMXjH0P8qLeByU038mUqeB5StTopoIqsAy6Pz678fy3/wBJ9B6Gb9LCCs8z6dzK2rqNl72ETmRNwtPmfEP8w3Kg/PoEMHmCrib0MNihWI09hb15Hj/HX/g9sHHRM1ucCQUIgr9oROVuQj1OxY+m/Q+vLz/Nf4UWK8dEppNo4O7Of+ncEJ8fzH/bszYhaH1B1/4k8qSSf/5YP/Tr+QOv+1vj/wAoh/8AR/r/ANn/xAAtEQACAgIBAwQCAQQDAQEAAAAAAQIRAyESBDFBEBMiUTJhIwUUIHEwM1KBQP/aAAgBAwEBPwFL0bLKIHOhyOQ8mxzZibKHjI5X5JZC77k8nw0QyuMSOR2RzSl3GuS2yCp2X616wyOPotjETZaLGtndE8UqtEE72R0OX0Rgrt9yc6kyMbVk8u3RybPFmOdkYqxa7Hu09iny7F/43Q2KY5ikV5L2Me0LwkfL7JOPcdvSIQrZ2IXOezNOo6Hv0TrsRn4OdiuWzgvJDSLL/wAuJxI3Y/gWXei34IqSdj/EjjX5V6Ud1TIYeEjrFWPRH0ckiMt2XeyD+xSFOlYsyZ3F6tnn0ZJ0yTEJDdG6HbRFouxi7+meHKDRGTstjZExyFOiMtEPlGmQ+Ip/Qsm6ZfoxonKuw52JPyMTRvuaSsTQsiUaIfs470Rs/wBevVYfbdobGLsXRGdinoU9EZNrZjVDq7Pc3ov0bJdhpktiWjhaIZPDOxxTEZeMkY78E5772KUlpHvNLZjn7kbMsFNUyeNxZoXpwb0RjqmcUkKVkJUU59iMHehi9JIutDIv7ItI0x40RXgejHc9vsL+X9IhijDsSnCAp+5lpEZe1oU0yeKMzL0iWx9L9E8UYLbFLyROS7FpdiMrZz49hZlRKfJDyNCHRk7jKFEiqOTJy8om7jaHfFY4msUUkcJz7uj+1h52QxRh+KM/ZHClRO4vTJZ8i8jzzl3fpEToUktsxfyCcSrdkFfY4aIJbK0PsN36ITFkj9jjyVxJQ91U9MhBqFMwY6+TGk9sujk34OQouTtk0qJxRm4+CvSxtiMel6RehJPsKJj13PBPXYapeiQoR8s44mLhHwe8/o9ybLyMnkyRJ9TkRHrZL9mLMshqOz9mUy4dlekiytEZ0XZCTWhaF9ilXgf/AJHpbJNNEaqmIZyojHlseNERrwcEdXFRVop9zpmxbRi+PxJmVpmSvAyiiI2J0JW9Ef2OSIqxoyKU+xCF6FHjLY2hsUOSMWlstfRJ/LQpUPqK0Z8nuaJYvjZi0zH2LqbL+xwZOFIcRjXovSDrRxY0kkRqiUFVjlxi68kcjj2G1PuhdNHfJnFMiqFQ1WxR5GReBYl3ZaWkSyNDkn3MM2zLG3oq1Yv2ZPm9E5DZ3FFngTINdzsd9kIWtl12MypHtvudPG4fsnlk4qJOLXcRCIloS+dHdnEagTxWrROfgwy2Zcvty2Kdo5WiqRNEiKrv60YxtPsRWi6QonB5I78HTY1lb/RhhwlV9zq17U6Q5uXceOTXwMXvLwTy8O5jbu2Y97GrVJmTA47lIl1PFVAW9kNEuL0x8uX+xaVD7DjvZk3IsjsZ2IS0QtiWhRMMVK7MWLklD7Pahgt12FNZ83yWkjrMbU3K7IvwPnhdMed8Uy29sxbRHsdRkadCUsiu/SOiA8UZO2PY7n2Komq2NbJCjxJrydzjSMS0RviR7EYtukdK3GS5djrcfuYOOPuyEIY8XLJ57nUdOs24PSOo6d4cteCco9XFKqoc+P8AG16YReTqN7IZEu5H0xjn8uKN2Qj9DZOVnYjFUSin2J/Qk+5HaoxdqI7RCqMMuMxxyT2kLp/fxqPKqOvycpqCejpYPLhcY/Z1EWsXOT2JqHTN0TcmyK1Zim4P5EMqcjqIuzjsoRg2zB85OXovyJvY4+Rd9kVfYg+XxSHju9Dx+CCpC+LIdiGkRXzTOmy23FEctKSiZHyMGaWN67HV5+btHutXF9iTeWf+ilRCSl8ZEcaXgzRVD7kzGqezpYfK2dlUS6exIyQG9jdnTxV0dJicpOiVxzOI8XMqvSLVCJZOJDrfam5x2SyS58p6Hl5tyPBktkyMqZDHJo9hvZ/J9jU3+R1EVjemfkQnFYuFGNUhHUL4NmCXKJIyv5WjF8mYopTMcvbbaJcZZXI4XZK+xwco8voW+wiPTSbakh9NkjFZYqkS6iWWd5WWk9F+CSM0TG0nsxxVaLndDwSl8myfJrZLpv3sx45t1ExxcnQ9SSOVE5WjpmlGye9oj8pbMHHvXYTUnyRBXK2c17ttDko2Z4pJUYsT4U2Ri1og1R1UYSqZLq45cShjjofRRySrsT6WGOH2JOPpkgYofIxRoa8HFoypEp89shO/jFdyGNRRL9jlb0NpRI4qwmOE5q4nsSxZLJRT8DXB0J6H9iPb5PRzd0ZJPx4Ezo5XHizqMWPUdIaj1Dccfgy9L7UqbM8Yxjy+yi7MMY45W0T6jHHR76qz3nIdUcOTpGPGsZOQ/l3FB3SJQVX5OnxNp2YMSjMnBO/swPlG2ZIOLHGiVceI3xI5XfxMl8qZk+hRshjjCXLwT9uck5IbeHqEoqos6vFHqHruZ8MoY0mtHUYVBpQ2ZI8ZEv2ZcCzD6SfHuLDN6Zjw09kfitG7bEr0h43XIxY1K8j8HszfyfYxS+brscTPCSejCqho6iK48iUecbXgn0z42SiNW9E9bKtox9PfcxtSx6QoueGjp0p4tnCMSfzlR1kUpvirbJ9F7Uv2dRCpbJejn9EIubowYObohBcWYuiUNPyZFycsa8GLE4xr7IOU01LwcEnYtMyNOTZRnx/w2ZoTh28mPJz+PgzQV6KOoXZfZGD+hXFbOk1FGCPKNM62PUP/AKexHl7S9zvRh+jNBvIq0dVlfucmZ8vPuN1smuUbRGFmDF8jpOljLfYx9HHHi5+TJ/FTI407yeWZJTjG6Ol5/Oc13ErH39IQc3SMuK8scfg6rHyiY37cr+zJxStnK3sUHJxsyJRXcltI6XNyTgY/jIxZa15HctksfC5nvZIuEZd2dTyUm5Eox4WTIvRjwytaOkxLi1JaMfG/j4J5E4OjJNTQsvGXEhJRxWctkElGzIqZTqzpI7cjnt12J2f2/Np/R1eOKhaMceQrtKRmqKpEJxktnS7T4kpbTIf9sJfaJfgN3DiZXD3oJnVptVFE1JSpo4JMxP40dO74/oXU48sXFdzE+Emn9HuVGh8vBLHb/Zk1jikNHgnbM3xxqKOnXFf7MjhGNRIQc5UNxxridXl/j4s6ePx2dQuLjJE56prZG0dC+UGxJSpkFqMv/I3/ABjyJROoxylJZ0+x8Y4+R1Em56MHSXG5GCDjkckezO/ej/8ATNhU17mHuc3s/IbSZd5EvBN/FI6aCn3HipUyH5cjqk3FDa4Jo6j8qOm/MlC5JruZ+l5rZLBw7DuUafgyWyr7nT5eDdHT5XTRjdw/2ZM3GPBHcjPiOuLj4ZPpI5MiSMnTQhj4x8n9P6JzvZ0kckG4T7GGUEuKRnVZJDxuEeX36bU0xnTY+EKZkaTYl8nxM1xxciOVY4pNGXjNp/aMVxtnJOmXyhocFOPJk2mZIrsjg0RluzHm3ox6gjK9lk9GrItp6JZmjBmWNdiXWNybRiy3PSOsjU7Oof8AGtDds4xof0iEfLOpfzoxQlDJb8mbcaZLZh21+jPK5skuBGSUaMkuOLXklF3oWJ8qZKn3ZHsY+6sU1wVDeyTruZMt/FHBqR7rZGdohXds9xN1ZCfzOrj8YyM+TkyMORLDKHcx4uUyU2pqJNKfcnKS01oyU0z+25bRDBx3ZDp9qVmUydRHholnk1Qsq5IlNrVel0R+xZG4qhtkpFvlRbZKPEUXJOjLqkJfJmB7aMzvAv0WdLH5f/DMuWjFFRdmOV7HKu48yZCXJNEHSIuyehqS3Zlj8exMb2Rm/Tuf6I5DBLmtmW0zjsqX4+DYmoPscovyd0RmpvVk4P2V/s9lScv0YlxiNWe0mqMkoYNsl1KyPk+x/cylLjFaFlXKj3L7HTS7og+bJrVkn8TIrdI9u3RXF+qRKJ002mdVJSO/o4/RbT2h/LsXTqzp5KHyI8/aXJUKfCDf2VSpC2clFWzrOq96XFdkQg2rZzUJURntyOnnowSpswfnZ1OXjGjHLlHYu+hfTJqmX6JmqqzE+LseRzY1Qsg8pfgiiSUn2P6f0yrkzrc64aJYY+1FknZF2z+pZ+K4mJctmVx4JIcXexSapEHxjZj+RjyOE0zqsnJ2Y+zZkjRjuK0ZPy2L0RVFmOfFkny2JfZItxVE5qht9jBX9vxTG248WZEkowJbMeX28rP6hL3NmGNdjIuO2L5S2Z5VIT56Rh1oybnRlfgSqKoz1x0Vxj3JS5ese4vSxM8EWOybd7Jxpn9OjNwYo3Saskt2NmXG+bZPG5GHtR1D4/EXcyR5UzDirGmQfGWzG+UzyVSJzb0SlfrxEL0iURPwZD5DqfYk3ySOjcorfY1xRnmkTy/HQmm7RLVswwpqzPLlKyHcl3o5fx0TnoxdyWmcnVkpN9x+iRevReiE/SbFKuw/0TfyMDThpjck9DzLhTKjKOia4vuLJa4sWRQhyok7di0N/IeS1S9IVqydXr0v/KLoXrXoleiMGSgyGV40QzJO5Hvx47Pdny/Rl76I34JTpU/8E/Sx/wCTYvRFlllj+0YsjTGzkjK1ztCdojOu5JXtimoo3LY/V/8AEmWX6Ifr7leBzLXk+NDl4LOQy3/+O/Vela/xv/Bf8X//xAArEQACAgIBBAEDBQEAAwAAAAAAAQIRAyESBBAxQRMgIlEFIzAyYXEUQIH/2gAIAQIBAT8B7IrtI4iQhRFEkiixq/AolUJbON9vjiLUjLuNI4expI5RSOZZZKKfj6YIoZzLFlSYnaH2b0Y/6kp/dxX0vxorl5HD8Cjx8slFPfbgcb8CWzjfgSHEUTiJ96pkn7YnHlbRGxt92+EbOm23J/TR40WT2cVRwQ6jrtLwLxrtZZ6PJXZxvySp6F/YjL8slLemcmK/JdrZBfWxxs+PRVD2cfyOyENb+iPZjKsbjyElZFUxxXg4NHjtGS/gY9nEcPaHH8nHZFiEihdmh6G23Q0/A8cuWia1Y23oSNexrYvBF3/DLwLwcBxa2b9CQvIiizlTGrJ4nYlL0L+1MTXhk8kY+CMpyL4rZCSloaIfwIas0hypFD12iVZRKP4Gm9sfJEc7Q/uXJEauzK1HS8kcajuRLO34PukQhxSYoWziKQ5OtCySfoTf1UONshCjj2REss5olKLHiT8GK4uiUadkI8puTMictIjijHyJ/hDbZBif3Hkr+CxikTvutF9mkx4rIpxZVbRPa0V6F+Ciuzosj/Cu+TtEW2UaGzaL/wBLS0c0fKkKdkWIaOJRH+Fd5KxfkWxKiV+iTZZIlLicj2ek6Lf4Meyuz0P8i/jSGxGPXkb9ktrRbI15HJWT34ZT/JBX5MiXgWNMguKFOmRdkvof1rsiVifoStjjY00iWR+kRseNnxslFo5cdkW3tkYP2LGj44nxoaI+P4keRIkzjZj2zkkZ3T/w4rz7Iv0Ra8Mk16GzJpaMMdci6OTIz7MXj+JERsVMsUuMjNPjFf6Tk5Rsxfcti1VehSQ2mNoyuyGoI2jnQn3X8dDeznRkk40SlxdkpPIZbxwXH2dPK4qxpEnGS0JjZIwu12yzqVEHaENlssXa/qrs/JO70OSStmWmnxIz4S5P0SlLLqJiy8NNbIS5ws+7G9nHXLtM6d6JGaDb0RVdvRX2jsssbOSJZHyVeD0Qf0SMjpk43EThHQ8nBvR0uN020Z1wnZiq6Q7+Wj12yQvwYFWu0vPa9nok+z7s6nKsSsx5VVilbEPtJmXbH/UyR9jj4bMfkyY1JGLHxHC9jh8a8myM7LIkvPbLOcf6+SN0f97Sl2Y9n6vKsS/6Rz4/jVmOacUxzUS7GSuyToUfY8HKNMSVVEjj49uPaSs4nFL2Ki0eTJLifB8s1J+iK7RZIROW9HyKKs/VnKWLwdAnmxpfgw43HGlLyWkKkSaTof4MjdkstU4iyxf2NnxxgvsE+XkqtldpjbQlGQooy5OGiPVNbrQ8idORFKtEfHZMckPJGS0Pk5WZMsYe/JF/LDhM6TF8UeI4ccfFM3VmNv2TnT0hyvZOLsxzlHSFjcZ8pM+ZxRHM5Muy+2Rk2WQy8RccqI9CoLino+Di05bIxoWjK6iQlJuzqMjOo6rHCsbRg62GTBKL8ofUSl7P0zJ8nF/gUalaEyZ8nHyUqsjXvtlXshOS2cpY1ykRy81Zim3KiTosyq0PFKzhujjRhW+3k/wyz4ozdSkvvPllFaM/Uy47Mub5ONnL4/6+zMuEqR+lyUshgyc26MXJu/Q02TiquZiacdGNe6GxyvQpNaRqePfkxZHjMeROfnZDK3J2Y5WrEVx8Df8AhcTl+CjLJJE58Y3Z/wCWpy+NnU5nz4+yE48UvZ1a4pMc2miPC2jM7ns/Tk/kowZ/gfGzoP1JZMjjLSFOy6WxF0h5vwS0xf2YsnLaJS0Kf32dNOTy/c9GLqPkRB2tCNlDpKzJkpHWR5Il1E82RR9DisDjlkvJklGT5IzpY64eGTUY4XT8l/cZJXNtFteT9Lw8snL0Q4qdfgfDEk/Z0+WXDZyswslJfntPySdM6X498zK1ydeDFL0Yn+4YIpRpGKHHsnT2cictGfqKlwP1HqJyjSMShkj+GdVkm6x3o6DGssHs6yUJRUIPwRyPwPz26fBLqJ8UYun+HFLi9nPhNMcvkdP0dJymkl4FBRqieRRTSINt7QqOog60SIscdko8W5GDEmnIw8XGkJvlQhr7hyVeTqc9U7Hl55NE8sOLZLqlJKMCUftuRhfxYXerHLz/AKY4/bZljxkfHJx5JaP0mH3OZky/uOvBkly8nT/uNqXs6NpKokpUKrdGO3PZJcTPb0Tl6E18kX+UIlD0RTpmPzsi042i2yepmXVnVYmoNsxS+OT/AOEsv2UiOyE6SZ1c7xJFfYeImVNzpnWVjwqCOkjHFh35Z1HCK0YsTzSpDrEkj9NyTeTiyctmGVtpkcb5KVkqZlVNE41kIY7p/gicdkJJJwNt0Y0lEy56dI6h3GhZFx4M9OEvBmg8beyMeTROscnEwq8SZ1EtUfp2OOWP3LwT6fbTMcV8vyeTrYSyQ5IyKLjFw8HU2pUdJPhPROFtSh5OmhKEuTIzRFVK0QJyp6Jxs6iP22YNxshDtVi8pkeocY7FlblyZ1eXSNS2id+zqI8ckjqVwxRlE5OW2YZR4sa5I6LD8OOmZWlN2Q3KXAySeLBryYup+CCVGbhkyJv2dMuEm5IhGMkpJEdM5U6Ip2Rn7JT5DiZMVqmYlUaF2irKGjiTi2LEhrR+oR/cOsa+GJytkOKTVkHuzlo6p/eYMUseW5ezLFSi7MnGv9MD5SizLP8AdZHxRWxK5EXo5a12pJmT/BRpvsiCotFIcRoUCUNHXw2mdTJZPZhwfKq9kulyY3dHTdNe2N/ekSxRl5Rl8WZP6Ox9DDKuSZHovi2mQ6JxkpyIig7FBWcXRSGRjZPWjjvsijwaPYvJ6Mng6+KpX+SUt0dCql/8M2P5INGHDGCuPs4fdfbgZI6IxpUMl4FREiyK1smq7W4jGiWiJdHLttm0WNaOv2kv9FhjPl+UdPBRgq7RfHwK5EcVIljj6OGhwaWyaJrQhEdCnURvl2uyXntNENd77L/SicdHVVQv2ouX5IaSXbyYMX5Jy5OkRhfgq5HUIkiXggrGt9125aE92SlY9lV2oooZHwdRl9HWZvsHgh8UWIZghZk+37SEaHkjGNRMaXlmbYxq0QVDEPZH6mha7IUStiOrb8FuS4SGlSj2auJ00RfdKxeGxkY0kZGSF4EeyPZKu0UibVV9cSPnt1UE3fsSTqDVlW+yejG6jZD8jdxtEfJqOyUrYx+O6Ql2SOSHsa+nyRfoaraI1JGZKycCKdijvtheqG/tJP7UheTL/UrYkMXauy7KOxpD+ldlPVMTj4MumaaOP3WeBCVHFtoyedCGucdHGn2Yvqdrs/rsscbHH8HDZSohFsUPyOSrviycdMzRra7UV9Fdo4/bJKuz+pruvBxZxS8nI5WSf0Y3yXF9kI49kNi/4aJwHGivrrvbf8CdPsuy2cOzGxIaGRH/AOmiyHjt6L7f/8QARxAAAQMCBAMGAwYEAwUHBQAAAQACESExAxASQSJRYQQTIDJxgUKRoSMwUmKxwRQzQHJQ0fAkNEOC8QUVU2OSk+ElYHOisv/aAAgBAQAGPwKCOHV+yEpzhWNlS1oQi4+qhQ0w47I8EEeYIcv2yuoNlUXFDlyQ/wBSreq/ZAvn0ClojKvgrlHyUkeyqnE12XEq0QiScoueacW1kRIQiZjOpUpsSeiOl0u3KPMo50zsF5Griwx7LhEDllevgLyeGpCOijTuVIN1H1CG8mIRaRzHuhh4oFG0KcSa2zuiBQb9VDoorqonop6LS/2VSgQ4+yk3yndSq5XVFVOa8bUVFQShP0Qoq+kKllvKoOLkvZBuykBG08wrWQhdcrriHyVBCsr/AHL2ObVzaRzy7oHhaOJEDlkW9EzbdQ6qeXzI2TJpobCkA1XTO1U4VrRDhHRAaHF37LS7hM14ZKDQx0DmoI0qFUqV1yKdiRDW0Tw4VVF2R3PAaVVEBP7X2iRhAcNauKHPLYKQVz6IW6IVUTlBojFQpy5rkMq/dTOUbx6olt4+XNOK67lFg42tdcBD8tEXN51TWG4405xpu5Wy3kqyEb8lWLKbOG61vHFMHomta1z8V2zUXN7Pg4X/AOS64sLBLhs0o6ZLhR45IjdGL5cIkc03srxDWmVMRl2M/wDktXVcX8nDq/8AyWD2Rnw8R/bLmUfoqrlCi4yM5AmyrJAyrIVCF5ZWy5Kn3IRHJaj5RU9ETakV5IaYBItzXGKvlsfsmsaBAN1iO0w1xJVoCaTcNhQIhWVlUQOqE06IHTT5IN0wfmuK/NPLnd12Rh4nblH/ALswsLCYbOd53dUG9qaMYbuZcLT2dr2vd8ThEKZqqzq3UAfJYuOXxpMALG7PizpdBotXPK6wq2YEAKk0TcP4ruPMrGdfiVMumfRUtlSgWndaamm6tZUjK6p4beJr6XRK/wCa6AiXOsTutpBQjzDfZYhprcTJ/dVE9VwKnshHuUa1U2cEC532nVQ0Vi4Vyo2hGIDRUo4eHGqSU3TMuFZ5plOILRitHd2CxGecNMSEYau0d837QgaE/uSW4blqJlyFMgMjjYrhwGGzzWM4fC0p7jefDRXVbqDZX8HEaIkIquWrKlFA8HTIBGoUu2WpxN6RzT8MxO8oMfPEOW6FOiHIiPQZTWiMK+lAEucUdNAtGs1uVMwOq1fCLklSdYwzZ0UKfj9h1MY0wSTQlFmKAzHN+RXEtZs2qf2rtVDiHXKLcBvd4f1KbD8OS4MDS6qcSGnDbUlrkx72Oa19Wk7oYgwMVzDYhqgiCgXW6Jr2kHDfVjgsLAZZvE7qU/s5drYRA1bI9cq5lFDw2VkfVGDXKijKn3FkQv7xT5oOJ4gIB/zQbiXj5rVAlpiLwEXN5yAhqUigQAVaowIBWoAzMIyXNOzW7KO0nVht2HxKez4TZFdLbIgYOJIpHJaOzgd2w3cd1hPxWnVq82xX6rHr8BXYezYTobo1EmwAF0zGbjDFY+loQ0dq7O3E/A4wQm4Tw7Ewm20mUzB7Q7E0s8rXbIdzjOA5GyI7X2TCxDs5vCQnUXcz9kTMckfDXxwRnBEjO0qlCv8AVFXwVUZzyKK0MpJtsnC8fTotLqBd1ifi0ahsp+ICP7k2aNCsGtAlRsFQV2TeaEWCtPRNOI5zdeycGtwy1pm91LtGH1BiEQzt2G4G4xP819loOA51W3WDgYYJ1PadRWrFxImnEU5oxGE24Suy95B1MdhT1QwcQnQwcLeS7vteFh9oZ+bzfNf7B25/Z3f+F2irfmv/AKp2FuJg/wDiM4mlHGwRiAb91XT7LV2PteHij8DuFy5eB498oyp4IGcqPBpouEkKqAyt4mjeYKdExKENPst2fETzTsR2nSB9U92K7Sx8RzBiiLgIc252QJMUunA7/VdAt+sIfiQMXUtdpQe/vXdZRccB+JW0whqbg4c7N4igMHELjNBpAqh/EPdjYs/8rU11JH2eGP1cUfsn9rx235NRd2rsBb/5mGbJmCMXXhP4sDF/C7kU/HYwYRwhpxNZ3Wjt1MItKf3UnDnhJ3CjDxDo/AatXe4H+x9pj4fI4/spf5jeN0JsLZwm+CNz9zGdlU1VVyVEd/VSfohB33VvA/h3RcOUBaXEa3blA2wgdX/Lutb7Gw6bJxBjpdNLnQRtcFN5W9E5p4cPdQNzTqiaQpagXeyLS6Qfmowi3DH1UyL1JNU5+mo5p/eP0YGC7TotqKx3YbQNI4WrCDeUnqVWy7X2ZvlwX6mpstnC7XhS4fmCwms2xsTDE/hFUzEwdLO9jEe78LYt7p+L2ZzIc6jYIb80WuGlwoQhz8FBGUbwq5VUfdAKl1JXRc0CjnU06eDyOTf1RPlrCGG+geNCpQQuibUNJ3TmH0p+qLN4n0QJECvyQczyN25rSHKdZpUJvxOIl3OUdGHocnvBubJvaGig4XenNY2HjEDvuJr+q7lzx3GMC30KbgY+G/u7NxRWnVHuNeI/YBi7t/8AP7Qe8f6LCxX2wMKJ6q3EwH/3MTb2C7wj8mAw2p8RQxjivdiDclPxX+Z5k+N/UQmzePv4OcZCZR5i6ooyCMvWkGa3iyvJFgOa1Cp/lj90DyNR+xU0vVWXCJxXjhPIBN0tkmLonzYIseqGikIx6lENr1XEmvaaiqGKx179Cg02UaQRycEcPuhX4jsm4HZsRvaOGftLgeqDXYODhFwoRVF+I4ucdytAbX9U2QcXGbxBv5jdxTsR/wD8IHEMuPwtU4jGzsJUYmhvUJ3dEOaDdS9h8Ok0ERnpFVv97TIDdajsjO65ZSiTSN1ZPg1cZPVEjc0WGzqXJxNdVfdW9TzXlJlNaZLGzEJzZ1VFVHwpjhJJHlHJEOaCTyQ0mi4q8oQOmFqw/lsgMZmgz7Iudj6z6KOz4Orq9doxsdpL3u837BYAPZnYewcTMqfsx6lcWM0c9KJHGdiVAsoXmDQjh9lY5zjQu6Itd7ojEqHJjy37B+3IpuPh+Q+CKwFeRk0e/hjkqKqOdV0yAKkoAWW85Tuo2Q5ZcNzy2Tm6RGrzKY4oJn6Jk35Kg2gf5qGDV1O6OiCA2+yhtTMjZNebjZQ7+dUuQDKSVQy0bqbkouu5Q1ttwjor0UdrwAXCmqLeyDsPCwXNO4F0zQDRxDuhlYeHcjEkH3U8XEtbxAygvjpuu67FhOJPSqD+3YkD8LVow2ABUQ1m5TnD/hulYmDiVMQf2RHI51qnfhROy1YbdbYu1cTXD1GVBKg0PJdFQR4Kqcqq6hShcHKFRA3iShIM+q1CJr7ITINqBaW/CLBT8oUxxafkt7V6puuzRMc1xsr+JG1/mVqMqA4e69/ogZc5A8SpCkOcT6ova37RqjELjhO8w/dYnaOxvLMVwkFho5HtWMC1p8jHX9SoM902/VWTx8RotL3xueq0YOGGj9VXMAEFwqu4BaXOMmNgu0HVA0/VaiiVKqoRTxiPAk7r+a1cGFr9lowWDBZ0upcS53VdMj4OaEcs7ZSLrnlH1Uxe+ThEwIlcUFg5rDxXP1AvDYCY400g9VBtELet1iEkCTRAOKDW2Zz5r6+qsYO0IMAjmVFI9E2XV+QQnTq6FCLIc7pxi9UezYxgNq3/ACRc42agYqalQLmygGWMoOqOOY1Yhp6LiIUNEqiuUYp1UzOUr+Fxx9j2ik/hdsns/CYR3VApCN4VyVwj7nplO2RTjyhFHmFKpdOyA3NynjDB0DpU9VxWAoqkdMncnLTYE8SP4Zp1VpVIUx9EDEgVsuNpEqcNztMUWpjg4j4VHba6RA6IuwXTy3Ra+uy1MiWOkIHDsdt1qdQQnOBMv4W+ihYeC0h2gebZGsTyQHi/iKwHaVj9kxOFz2zhnk5EHzT88yBZVzp45U+DFcTAYF+Y/RGtJlGBcKkoRuuIXV1p3mtboNd+GUZHqqH0Rj0TU5p3pdFqLZunCV8S0uK84O/EjpdMFTtZEuB0g0dC4XUvGxU4fCfw8kZ26J+GfZHXYfJa3GqnkuIzlfK2fCIbu40Cwex9nP2eGOJw+IpmILtcCnPDeHEfQeqc13wmMq+Cnz+6rkMMzV0lBfqpWpNUNuTHotl6KB6qNPFzQuRzP+rKBKLjzRgg0qf2Uk9FKMg3URVGSqOcJWnDdJR+11UteqcztbdQudl5QxamGUTQHkFgnrVd22rW36lVUZcRV8t0BxrRqgytOI1zOhQ575MA24j7J5gQStz0ClCqMfP7mFPJWz98yhCB/NCaJ0ko3UFUEqXSG2ARDLCnUqhMzEIIaqWQFb2VKZRMKHVUHhPRSA7Q6igNoFpewf3HZUaYVkSGEQgGtqtBHGqWROoJ4djWpa6oURK3UFTkMLGbh47BQd42UaASu9xI/K3mjFzdCoVHIgGhpPTI/eVy6+B0p4r5wr1st1Be6TaDZO4zyjUrSbSVUiCg0SHu58kQ0mBQJrZ9US11bSF0ynV9F8ZMSVRtT80HETFACuKwrZTBIFYUuc4HkmuwRbrZWMdVhfwsa3EnT+NoQxWadLhYfovN8grCY3uuBw9OSguAJ3QLA4ogbGs7okw1o3R0t0jOQq5VTxZXy5f0F8j1W3H+xVBNgoDRCdp2rdagoVT6AKTMTaU6oKGhvuuJwCqQqGvotQtzIRGs8Vz/AJocUPO0KSatpoCBA1M+gTjqHLzLzt+YUl7Ay54whgjFw9b6AAyV2VtmnDdCeX/yO0VaGiYd6Lgwu0f+0Vw9gxzyLoCkdkwsPq7ETR2vCw9OJwtfhmk9VU6YREjxAszn4RlNsgVut1X7iPCVELBA+G6c8FXKobqJkIGB1R7yMT6KUBbLe9EUHOmF5pJoPyokaaU1buXFQTVyh1rFdn7K3E0YeJ5uqkt1/wBzl/Iw/eqLRhYACwThNwtfeCrV2PtG2HiwfQ0WA9sS3GBnkq9qwvZygPc/+xhK/wBm7D2nE6kaU44nZWMwWkPPHLlh6LbKEdUyjO1vA9p5eL0+8pnRbBTKPVCKIgWFVIYaptWkG45I6RH5lBruEdV+SmzVRkAb7qqGr3QaPMVowiS208//AIWkig3CZqNZglAvIcfwhFoAqTXYrsuDinQ078l/xYv51/KP/qKnuJ9SUcTs+C1rsMh/COSxS28B4+a7CyZ4QT6ocPZ2QOij+Iwh0C+zGNi/2MKczB7FiN18OrEWEwmTEyhpojRQ5TyzPorKijnmaqlcqZz91tl1Qqiy/VA60eTbqq1bwnV900O9TC1SQ20I8MJxFxzQBGqL9SvyzbmnOd6lCsDoFq8oeYFLoiNVIWjtE6m2O4ROH23tMbw9f772qn5kdXbO11/OmDEx+1HWdM95K7T2V5l2Aw+7dl2bAIMH9EThYGFR2gU3R04WE2OTVGHwbSm+ayDWSVRrp3oi5zSxk7hcEjkFXISizdwgKLAct8uq7siHzX/JCcqIqTmfAfB0lHIUKvE2VbSnhogIUcobP+ac5zpPl4UOaoAIrLjCL3cR2aUC823Fm9Ag53E41FbZRU9FLzBijRc+iGE8saHCwFGoanUFHNTnlw7v4a2Qc3T6pzjp1u3nbmiBxOFnbqJKG5RDZ1hjcRg6tK/i2HyjS8C9div4rH/nvbpaPwBdoIJg43D7KMKuxKHeP7zE/Dhofw2AxvV/Ep76PQAL/esT5r/esWfVcbmYo/M1fyiw9KhcIQUqYE7dchH6ZUXJU2VKKt8z9x7yqb5NRORXmC6q+6rCZghnlNXAzq9FW/6ZQG0AhAfVBxGt5sDZd7jOobxdHEfMny4bVBJpdRPsF5iTupe4ypbiH/lK+2Axh1ug1rtLvwuTMZg1OYat/E3dDGw9Lp+Ju67vBh/aHeVg/dM/in22/EUcPC+ywvwtQ1KgylTM5VFFSyNIyHRcKvRRkSTCDfquviorb+GMvfIgZXut1MeqMV3QAFU6HTWlV5soE8kcTGdFYA3cVqdIEQAFDRpwxcpzjZvlGVVSn7I6LD6qKyqKd01mLV4pq6LVohx/CS1OGEwYbd3IvroFGjkM6ZCCEP2XVdVxUCtCIyBKd0zLff7seEdSVVGvsusJqCqanmo26K9F1VvopvyQc7ZcYDGxDegV6c1fhFV//I5LSAg0NRqqUj65wmyLlC1k+DBfw+CyMZGtFXIlVyBCiktC6TAThnzTnE6eXXOYUfc9UMnVv0UZyoDVpVDdboEADkOSacVz725lahUu2Vbm64Z03VPVS7ZGLbrTyFSVMZREr3+SGI6guFZYDNySVdQrhQQijPCuTeZQGwRRRouGiOkok7oA0hOA3z6Kl1RBBBF308d1SyBRJNdlc3W6Ooq6jZV9lB2TZ5rUiQJITALDlv6KYk804Hko5K4qtPsuAyOaqz5L49XojwuKgDSDsEO8sFDRkwGwFPBAxHIasZ6nzO5nxOIWloXdyL1KLtzZEmvhhaovkNJRyp4YzMITzXUqhXnHzyDjUGy6iqi81ouLh2Qwg77KNR5lE/6hEgRxTK4fVDJroWkm91wG6sVTdBxTZgcgqt9IVVh9G5UplJyr4SuK26d3Q4lqK4iStkTNlS+f0Ucsv1z9RPiouSE0lWE9U5UW3yQWqfKdKfN0SUwkfaRHQJ00c5MeQA3bqsJrmmnGaol1eUK+R6IbnLmYsEZ2UvApVTp0gCk54DukKmRQA3R8xjbLp4Dl6qTOkcsuqNVKlQjxBtM/VXVKzZdeX3E8kYhEFVpsvKuqHCYk1W/UKkKv6po4QtLhxvFJWJhadT5otJjhpKPNdVdUBgqC4Fy1jSQRzWjVxXKrbK2WE7k7KcpCJkEwrZ0tk49MpRE3UIdKIo5yBTKEAnB0wBk76KudVZclCLTYIkx0UJquq2TuIhjbotFD6KEWkcRTWYoFb7wgcWZDtMu5c05goyaxyQm64fN0RUbpjJd7bKcRlOfNNpXkVIvMBDSfY7riRqhyWN06eEK6oq5FPPTIKQFXZam+bbwUCJPJQpyadIaWiKZBDXYqArF1MqoxyXspOVEM36vLRfzOJ0CAIUfEFNyi5/lmSRyXGYpLfmvNEm6DCdTCahSDRHTK/MboXAXmBIMQvzKHbWUoF26fFssRoMSEQhXMq1cuiqpXrle2VVXOiqo2QzJVVIQgWCooCOUzSFSVcrTKPMr2pkEG/CnOudlqWGHii1fCTRPwzOrRplNQm10akNRnbZUEIbHZS6s1XC2iNa3qtVwpqsT1Vj0RJcnaajKRnORiZJjKqb6oF3KVJ8VMqoqMuJ0SeFvNRA5KBVUVkSprClUuipsqnqF0K4RRbZNpTkiQ2+y8jZPO6LoF4Q1cqLU/iLuatOV6IixQhTutMQmticWFGgajyRgp7HeVyLXamjbqpbiOlFs/RXVUBOcbroguBpO6MpoQDnErfKBkcq5+i6FRyupxWuIbQV2R0+yvXeVEzvk0bG6reyoq3XNTsqI0rzQW+XtkNAJi6rMckSWkaeqbLgdzC5ZURdORyhSblEALS6qczEbLCtY48H8Y29VGYHhqjBIoiicxNHc1I/mbjmoXTrkMpsihKJ5pg4q14k5my1aNOFZ3NDuzRS1kht1MCLwpM6l1yEorqtRU5AGg5ogHUOakiFAF1LqJ0N0tKPNEiUEc75cKG0XVPLutI4ivtToG2qkrS3HwnuPwc1rwIw8M7OMVUthw6FQ5hCqhujyXTKKSaJuH3kuio5Kt1Pgj422QxAIm/rl1RUKUcgGULqLEa+OE2KxI/FusJ2O9wMy5hfeUC3DZphODWw3c7o8sv2hElTuqfNUNLlCFfIgZU5KCJKrWUSRChXR28F1TIktHqFIwHH1soOobxC+L3W6njd61XkIVCVxMBXCNKAcaoldVa2/PKN0OfgbJWKyKHiC4TIzBQgCqhMnSAbzYIuZRotClggPaHesUKe0X1oYwAcWjhkUlB2L7QtDfL++Wp3VNNmk/6hcl0CnojSVQXziynhvF1qLx7KdlqUhuRlFCZr4AEBuoIsuqlwa8dVGJg4Zmstifkqlo6Fi4QwgqMMKdOkck2g55VyKgZjwNKwHbPYihF1KEyW9EZgOPz/6IY13k0kKZveVxb1WC47Ogp/yQaowhwgAJocaJ4+qnULSY2UNgyAOHbouSmlVMdFKrVAuvFsrJ5azDYedz7Kg91XIkFTlxCmVMwh3d91ArKlz68kYoz9VocJby5J5wu9dht/CbeymTlxcSbWzVM26Iu0mOQKoITSaAqi0j3QQ8AqsNwaeBteiMWU9YWlaa0UaYNKdUZ8xWkEE6ZKL3SXWamTutR3amkD3ya8fCiWiAdk95FQU1sb2GTyTBH1UONOULWadFqPJSbnIc1phVXFJVIj0zMkx4a5GsLgqeiDH+/VHhsqqilzO7f+Jq4qsNjlIQI4Z8w5K6J1RHJEMYA1tJP7KpEq1ZVM5v6KNIxGt6XTXnhDjsKIAVpEBDhI5NddP1GZMkdU3vcDCiYq2qGIzCDcMnYqrXCfdOJM7iAu8G7IgIMt3ImvJMOGIbp+fVGk0XXOyw4dJqS07L8Kon0vzVtkKTFgqo5UaqrTBlbzvl6ozddOqnIZUQUKRc7BDirNpVVTLYNRbjNli19kJPNiLS2HC45KAYQ35ptYaNlq1NnYLUTLiffwQuIE+i7lzZQ5BGASUGnEkDYWBUVGH+IwsNzaYYGyqSSFoc2YhylpghUgOn2KxX0B0+YrDa/wCEUVLqbc0bCN1VdECzzcoR+Lkp4ZlRyVLrUT80G8R9lAXmChNMCbI6YoVJsSoiiGuiBUFE0QzpkAB6rU2tKrVcn6I7gbqicVxgQr1KPGW7zumtEDkeiojyUfJSupVqqSjCoarVqgzcJn2BtMh0kouZDgeFoIrKi3ugzDLdGJzHlQc1mF/aaSOacXXmsJumDqHsnYjnDigVGyfHE2yiki3RPxLYYo5apl5EQqXAyGFqaxprJUlwI6I/ohJ0g0QIqLFOFA4fFuuFv/MiV+bnn5VRCVZS0T7KBVN1QG8oUwPZEsC1bjw0UrgE+iDsUkeoqhUYbOW6llT0XFQIVDW9FSNScPP7ou0xleq5qDUqoyKbq8qfwhgPljZS7Ew2t33QcXYn8O2siL9eijR9rGqm/KE3uoOKPywsDURq6WWHoApeUQLLVMNDdNFpf5U9p2opCOGRLY+awmMDmh1OLfqgNZD4Opx5jaFVeS7YbTZUR5oINGxlGwAvJhM0jjipQ2VPBIQk7q59kACevVa3UA2R+iG64bFacWjea6ptEdq2UC+eprnNd0QHaenGLha8PE7xn4ghO3Io6nQiG+i4yPRUaIUwmgNaI+qLiiVxyBzGy59Vf1Kf3fE1u8Ige6tBCxXNbIO0Tq5jom4WjVtiE70WHhtLsJ4deU4YjWvwnGQTdYL2ppIj3VKyPmiLUTphxjSdk9mKOoK5nogQUBjOEgKHsMN8seYdVrY4HC2cgXNsdLfROBERtm0kkUquiAygKlzQIVqKK+XdD3RLi6tNITSKtfVuR1XVLrW4nVstJddNIYRzROkzEe6xNzNSqkWykCG8yrUynDcQgMbB4t3MpKABxQ49ED/FU/DpX8wf+lHin0CMUHJS5AbIiVwi6OoCnJCMM4jbloXaj0APqiNAcSDxnblCZhvANEXYdO8dxFvRTjGY2iPqmND31q2lvdOOMziwnTO6wjhHyxZMcLILE1iNX1U4WrUOE/mHVO1xpHDZAC260pgP4ahYQ7x+nT8e/QrFa1pw269QBQgAake5bBI1OJNChpmeaqo5oNcU2VTLVvsp3Gc/NemJ+yLAw4moeXrshMH0zLRa6AVttKkOiqxmAknXdOdFAh8TuWyl59lVU8VFQXVaqjo6lN+10fmT3GNTRSTRHFxBLK9JT+7AqIpuUSdJfiOoEyjoZR0tsfVD/wAQG/JaD5plvVNGsSRdOxS52lohs/qmsJaBiDQeinDo1zA4jk4GCvemVa1y4IlVEFAO9VgQPhk/NYDsIcJEgFYpcWACmldmYcQhpbV267jAc4gyHu0/WVjtLy3EBsRdOOr7SRpbzVaQuIUmyMeXJ2XrlT0Tv7SFjjqCmkECqwQwQyMgpRe74Qg7ojPEfwtRb3dzJCOI53xRp2UkZTQRnE5C55Z0CJApN5UuKot+6HC88+iFKIfi5IBziRq57LDA09BJohi4UMwPMWG7XJzsUAnpYJ8mDIImy7uRDnLEe8ThDErF6hHu50VAQyjLgGoc1aic42FYTX6S1gaYlMY6tBJ5FaXkjUIlaDiGWb7wowmRA1dSnd9ghkiQX+YrDcZZhP3PS6IwH8E+YhcV07jFDYbq6lF0Leco+idTTW3JYgZPNSnu/A6VEppKJirZRi0IeqB/LCcR/LH1Xd6aeACFDV0yDRuqQVqAbKqZqmBxpYBERVOEWElCkmq0Yg1P6bhDvo4h/wBUzDZI+ImLApuHU1un4eyxdROrb0TQ4hzpq8bonZpIhOB+KqdYVom5HKmT3l4LWeZd5ijTgizdvRDumywGCsJ3Lf8ACsJ4EsP+itFKcIHNHTh4rsI/igVWB3YcGjilx+cIlrI2QcTeycGxARdutQ2U86wpGUmekKixBIh1KqCFjtm8Kia2VruJRi6tunaU8i1hlCohCjdA7qm4VaokCppkSrUTW4j4bzC1BvAfKsaQf9FRalUHvobJ+E2uG12pjfVaS3TA4kNOm+65QNlqmXWWp4gTKxGYbZLnSTyzE+HucEwY4isWhdIqjh1h1fdRaKmUWi5UAycOia2QMVwOG4xULDYX4jG/jvKBbIYBAnIaiTH0XpsjMXRY1ggFWR5ZNaViYeIKkQ3qqCSaIRFtljE7kR1VJVdkIsnDp8lo/MGrhiduoRG+onwVsuEZNhQdldACkqDPoiE2OaZhjysCItL1i4h4q/8AVNidOI0kTzTMVrYcBbmEBwtZe9VpxDxRJilE4xt8k15HDqun1t8RTht+qK4ouoQ8Do5CU4zcRCaSJJsjqOprhJVPRUk853WL3hAa8z8k5sDE3w3E2RIFN+iovVO5yn8k4srGyaPimplTkYWHII02d0Utvsg8bzKa3DGqGSG8015bpL2miBN7KEQV0kLRiO0tZh1A5r2z/fwyqKFUJzo4wU9pNcODRPDq3+aBpXSIWJhn8VkGOaC0bLgoh9q/DHd64aK9UHhxL54nOdJ6J3F+Wm5TQ1xadQeoeaU/0UJdA/VOAvCwm73UstOUvcGjqn93PCcibmUH11ubZN3hwXlpEJ2rym2XnYG9bhahiNc0bEJ3B7hQhFAmiZ3XqsRt9Q5oC6Eq6EG6e6QXDhFea09VH5j+iwdqAL2QQG0rU0zqReLwh3lRvKcQN8qL1yEZHaipvZEDltn3TWy66eBE7IjrCwGblwCdidMuaEuIlwE7lPeccaAKDQsBokSaMKdHOFiN0kj9SgXDeU6I9FFJhEdctE8LSnBrYBEyidzQBVfpisrSyTO6FKyq5RZqgwJWINjzT2zSbqESBZcNstOmlKFQ7lSEZtkGiFhkYbWhhEkBNdF3Jg5n9kPZMPRe+Xog0bgSp5KCLZ1ymwsFwrkCITQ2o5qDQORA85lEOB1ION9KbPltlxidFQmg0VF5t9/0QiSAQdK7x/FaeSY+stqOi9ap7sSjJWkje6cQVIunkCOKFJsqVbrR5Fd22/lHqU7W77YV0oYmE/WZqmkHJjXTp0rhAO5gLXjnasoFp4TuuG2tTuCnc0BTqcqTK4qnmqKya4X6LataKnmCDhtCw3D4gCsNwg6bo5HqrVm6MI9VXM5DkgsSYhqGnkuKYuUTpvG6Y0upMBD+5d7uFO5qVFfUItg0F0GaOHTeN04t4eZJonP1NfguAlwNk7RMExRCUxwi+klEDY/NBwHngwiTRPrPESu5YbVeeXRYUCs1nZCdqLWRw6tlhlzhVOIFDVDI4m4EJge5rXOAhqjEqu7bsFaAHJgc3hFfXLTZqfWVXbLqr5Utkx8yDRdnxL6RC0Gz7rj2p4dQ2VM4yCaOqOE4kajCgEW0lasPbmtNjyQO6fw96NdDMFEFsH1TWgCCLrEe01ayFhknUXDUZQDrlYfds1t1cQWND2jDAgs680T1ogiTsifdNB+ErCw2Hicdbh0XZ26tVwU9j2ay4yDe64vsxNN0cJxh806ovHkcSU1/aMQa21+ahpma5EprZjqhqHFzlcREgVUlrv8ANYm1ZVERlXM5ibxk7Dd6pjfzFSEXSPbxUscq5VQQIHFKe3TWzT1Xd4vDiDJx5qU8/ChG5R7PZ86g+EWj4hU80A3YQpOyJIHMSsYM0GBsIV1p/LKdpv5T0ycB8JlNeaQ1NxBMEUnZPe3efkFW903RZpknkmtgyi5+rWbrSRp2ITcM2O+UgOc3kAtbrogtuZnmncJ0fooV5V8/Vc/BOWHa6DfzHIg/dlGdspGhrjF0Wo6ssVnKqnknFtqEhNMRTKqrVYjQNLSp35LFPQVTsMM0idUzfLGHxQCFofMaZkc5T42TgWRwniKc8rEFIhFxth/VNdiMAIXeNfR5lYZpOoFOOE8OgI8I7ub7pxYRe2TgwaDymZTiBkQVOXRCwU7eHDKd0f8ALx18b1VMcLtPgxf7U1P4RI+qY4clL5koDTw80TyErXeiArJK7rfEn2aodtddE4kmeUJ/4wFq6lYuJPCQ79gvdd21o0tHm3KxDjGMOjU8FWMTIRM2ssU8zCsZ1SYT9NGygA3V0XTMzkOa6BClAoAHhB5FSyzjPikp+PjujBw/qj/DtJAuU5t45Iw6PVWnqMqKvguqlN60TY91G+u4FUxvKmZaPiTSDSSSENP/AETG04iU8QPNyWuOFajENVuIjUYTcJhD8HebhRhnhcDH6oafMheNzFlj4ZALC0T6r0+q0u9VBP8A8lP0jTPWVrtSqrfM+AlQPuAYqIb+viAATezYYrNepX8Ng+chNbiD/acaHHoj2vH8pHCOaPaDSmqhsE7ELogTa6mENeG4TWeinilWKlrTAXE26smO/DVYdaOr6rGJIJF8nOfRo3UNIO66r3Wp1kxk8ZMsUCS4ps3LqoaHED9ViBxrpo7dQKuKxGD/AIY1CeWQaBOuGnZYunFDS10Eu5KMN7SehQ1ECaKPh7wJmGYDrrhFzCa1rpc6igivjv8AcObFJ+XhdqnVtCg4VH1bihP7TisJIow9Ux3aTwA63+gTGYYAHlauz/8AZnY3cLfP0WD2Ds4vcfouydgZxYj6mFh9kYNWJ5nO/wBbLuXEmgpsPTojiDgwx8RsjjYlGVA5rEwZ33RxGmzkyDtlgYkWasbFHxUgIu1UPw7JrXidSxO58wcHYnp0RxCS3DabC5RwoMxyRY5mllWgusSsR3ekupG1FqbSN1hB5ron3z1MDDzkSu3YlhooJrk3Wf8AqjpsSchU0TX4tYMrhfwTI2KriG2qCOScU7TciJyjxdEPE7VaPDxb/RO7pjn4TrjTLSvssQtI/wCEd/REVHNP7UMOZGljuSf2vHMOxJhx5brv3CWB2r5WXae2GrMPgZ6rt+MfKzgBQDRyAXINHusCxhuyPeghrnbclitbqMtssOfSMg7kgQakBBo8sK3CynuscXAmyom8cvs8Rshh47g8xMiydoETN0+Jk06BBrjLm3I8GKPxMjLB/vCeNg4xmZGT8RrjqaKdUcNzRMzrVQpVPBX7k+HqhhVETBT8Z+K3Dl1AnMfxRSV3Ye7uxXShwkcIbp2Tu7f9viXjZCH/AGuINUtWN+ImUHkydd/dEbniWGX+UUWppoCm4pdpExVYn9xygCJdlAReT8cBY8G5yB2T8Jk6BkMPEHDq1InnlXwMdycCsRwsXE18Lxza79lvr3Vf6WqOhxErE1NB1iJiyaQA30WuWuDSGkWKjFbHUbJrRil7QKdFoE15I6xHI8k9nFM0H+aYxwlrRa0lUC8jiNpUFqshXnCOI40Eyi/CvC7lh6lanGTkF3gZpihVPBNhzVK5seNiCnVmuZycfX9P6sE13RHdt2g7hUWsYrQXfDuVrADmzvcrFH8MGiRNPKi0dnwmattKDiAUzGOCG4ZHCUCYW5VCtLoLSCo18J2TOemT4GOG9/VHmigzDBc80AC77t0F+zOSmPBwoua0qDt4AOblUA/f1+8qqmAr0sDsUMMGgKxtWEScTTtsNl2d7uz6+7nVI8wOyxP4fC+zLY8sQg3+ExHwIJ5Uqocw0Q1lta0KxS60UCkjiiyDXU1YczyTnbWHp4B1cjk7tHagB2h//wCo5J3LZQE3VQ7zsjwaevPKl4Qcx1XONQnOIAkzA8HuoKPh5qWj+oDRB9SgWvDh6od3adR5EqHvfqJvqWgAhTiH2TNEy4Az7oMce8kkaoWCXD7SOJO9fAwbQsSTZqP/AGh2ryM/lt/dOrTll3ryNThw8132MWhlubSmlpHdtq1pyvJNqW6prMQDVp3Rt7eAowSfVE+CykLht/TziYWppoUcXsbrf8PeE1o0ubsCocBPSy0xoOrbfIbygNNAYomAtDzHxJuNi0kW8OH0am4Qoy7j0QwcHga2gy73GsPh5pusDSHUc0R7FHu+DYYYNCu7YTyOWkmhbqRDvK4T97Cp/SjviQyawtOFi0mdIKPd4gd6LXicOBz5o8QbpMeqAGkmVpHquzCznBAcqI4j64cx7LtJLdbQ6QPE7Gd5nqhlQ3apTWARpTHnzDDL+sp5eScSJ1TWciDuLc1iu1jS3hBVDI8J8dcq/wBJVNfrAEck07cwmtPNNwMOhNBCwndqwzpdX/qh/DsDdnRzRxcXyQmY2H5WinVPDvMDVOGI4m9FjuDuJx0xy8LQmDSKN9IRcsQmbWTO8tNViOc7ThxQN3VMjPqCnYjhcTCOZzr4JVFOVf6QnYbrh7ZjRyfKa3Hd3jfhchiu2NExh8uG2UHYztLGjUV3/dOw8PFNJQ1CRum4YImJ0pxwP5p/ROe7ksEU1Yh1HwtmyIHPLENIX4pKGo1efpmwTEmqftsEVX7rl/TubhC6r3bWld3ibJmmtKrtMnzcITcLF/lsZOk7p9uGHBMc3G4acMJxZhTix5o2Qa8Fz8QEzlgNOw/XwtKZ1uggHPOncBaAPtHK8gZFYVZsfRBgd1+4OQz6f0xONqn4dKIwsMYLPxOq5VdLk7BJrcIdobNw5YPa+wv04sS0ztyXd9q1MbyiF9keMWogcV7BIp6LQ6uI8UOT/l4WoTsENGy0nF1vt6Ig1m5UZS0SViYkUEUWmK75HwHOuVf6iXWC04bjpJ3snvxHfaDYrUPZWBeRbkVhtwsV0P4g0GyZhubiETSiJHCR1WFr2EBOZp8kFp6ZPkRXwVQU9Fxv0gJrWAUueaqCTGYmg5xKxzwkAT6on/BIc5rQK1TWcfdNMl1p6IHCo2fkvyrBPetjSQSu6w3a9tZT+/nqRzUGyxDUOAa1OhS4AHIxmEbCOqOLjhxGw5pzsNuluwRvmIErTp0kU9ZRB8c/1zmPkUoQtLfKfdfaiW8k/RMzT0yLwZxPj6qeac0aeI1W3Fun+qr4Q1tSVB1zyKjwNLhI5IPrhgts7Kf8FlWygrDLzLayE5hceHkFVACycW2nxUXEU7V7eF3ES7DEwbQi5vkmPFP+A0y4k7XIItRPLZ5oihTNdGjopJVPCGi5QbzueiJFvDLTeh6rEDBU2VRH+C08EkycqZ1ypVcS4bKSJ6qXR45QcyrvvJ2yho6k8v6weHU/gZ+qhv0QbQSbmwRDXF6LifuY2WoWPjh1Ci3cZPZEEtR6FcNALkohoHdfFT9PDH9O3OXcIUxqcqlVRA8EfcEG4Pgg0kSJyf3vDo2Qc7zETCbA49MSt5v0VfpnG39PfK4W2UyFJsgxrYjmrk/0B8DBiCSKD05JhJ+1BLYF0IFd5UuM/wCMuHupN/8A7IH+Of/EACgQAQACAgICAQQCAwEBAAAAAAEAESExQVFhcYEQkaGxwdEg4fDxMP/aAAgBAQABPyHBTE+yn9y7A3VfN/1HowZGPmClzP3O4BrC/biLFxlK7vMq3OG/PUYyYPl7iMl8rPwlxDTxVE5QhoR7PiWpk2HFQLWG2F8u4ZkN6Izdy9HfiJN3nIOIjaM6cwIjC4Gzd8QePHiWyFe2UWr8xyEMuM8wtWFniELTJ1NO+Uv6Bq0td+yYwi7cTvnoGB8BUqlb4qyGkzdbZgG64Li9oNEorDwbjcTNSmZ/1MhDDTbvzLUjGjr2wLFFz4Qp1f5YDMqdx7H0IPMwMpKxSynuW5nsianxxrSZZPfLlbwJEpRZ5EgQbFSuz6VDG4XVHMoxcxtm2BwmyE46IK/zCDNr5aiuAki/j3MsUZHNBENaL0csZeQmtg/uN7N3YXZTDWYK5fEwPKxC4N7PHqYBzy6ik2X1pn6FiXhThAFHxcCO0BhXGQRo6d9RCwqnAFlkO5KhSgg1TqUFeXifiVD0564TGFNZguN64IeieTCOYLGo7oqjFHMCdVgnctBXDES+BqvM3m1Kg4cYDqDcNF2QsrXrqpThdMBWU8MWdjUG8BCsQpjQ7iHLlUvhrEsf87IGh94fRo0A27V1MyjUerGpgWaKjsN23Blvs+ZuKdj0xqGznqytDAx57lQQC1aXDGlqnHc53DUc22+Iy7i3bLTYHAPmWyUjtupYZMwa8gJsA8BB5SJQ/wCYKsfu7l+LPFOJyL8QvKwKIUwyC8y263mV4IOQou8rLGj6gqlUVE3NsTe0uryRtJ9oyLEjTSK8QWDaLPEzbM5Z+6JlY1nHMFdlPAgEVa66HxMgZR/ZY3xLTDiIPwI2FsVGyinvEXtd+pmZI8rSFcLjmZ5uK/wc8VH/AAy8ScT5SlETLZs/7YWALQUbrw7LZcULq/f+4hVhNJ+ZxjhmEqFYbc1nX2zLC1lZ+NMXQbydvmB7wOJd8oE4OeJky14OJQ7FIMeFFXxEqNscolYYWCu5alrUUy+IKTtYvT0S4Y8Jm76lAi1bL7St7SwsJ+BkH4xBc2upWg24lKq8x4oG+BGB1bm18ygqCICYauiy7YlWgcpWXXwV9fKGAA6TjFD7TDvbmDs1BLU0uMuJg0rZbHdlxAAdHUHU5guDMZqnDARd6b6lpTAU4ol5GafiN6H6jV5upU8jzBrBFgXh4irtff0CUIAMc9xOTU3BpdRRucsQ1asUKnaFULNGZPxPvEXt/AigoR7P7mzi0tlzn5alRDJ6B3Kfte5OiVLyCg3ZXMrTTfA7gHaHDt+JsYKd7ijlblqIRrMGyQeEpdMtS6k1cXymFh1TQIdVbNU5ZxyUbgyePc4K/kBr0gp9cmy8nMugtWS9PMtCjmyu5OXiBChQt6S07EHL5lZZATlqWaKtYS5WiZagCGZc8Y1KP4gDmHen+af6iR3RsMOFkqJx5mFh0m3AXuYJcS+FT7JXyKdwblX1Bbt2t5f9QCOGGIla3YBbNs5gPs0iQuZB+CZLbMZwiuoHcp6lnULSOUu8OCA0zFVvM3dzAlACq1Mfm1uEt8OzDjmKbYO0vLOVQM8RWNnXxdX5j2NEbADGGqHaxIGReckIINvLkZdqOIZUTTUap0HqXnX6XRFXLKNHOZeagZHxMlaWVtVOILFWvqWjLKvenzErgkmmH4IsNhu/5lgLLJSeSCvZjxLAH2QQZKsc8y3fjJsZnpOWNoZQ1GTBq+J1owGuIcoBaAVMc7VmHYFApr4jbXXcBbjc4eY05Cpwad+ZQOA5hVCXFVOioUHBz3L4MsHbm83HAfBiAAn5nlqhDSJ0qIoMmvcUorHUMa9jBfwdxVfoQsxFVw4m0DfJLZrLli0PBHquCsV03LB9aXI4jMaNeHBK7SkpfRB2hkB5OJayuKoU3CmsEYr+ZgMDkWGmYdC0aq2EuUuOSfPw8viYbUeVn4ic1V0MAeJ34CIhhYOkdxvlqHb2HcAd/Iav3OkW1wOSJJ0OpTcjcLeikOl8deYDP/6BBwlRUDxDOHaiJECg2JSQTb1eQRRJrrfh8+IOiSyGtO8tEwp5Qm2PNUx2vEvSWNIFEBU6iZYtP5hLPf5YqxVurgRJmP0nw65mSIYAHDUROIigXcdSsI1a3M9wzJTPn64rpqXLxL3iWmUvUC3e8cQlbWgPGVpLCSqdQBPIOx3eJlqFl9ylyBXkKlopgavmGAsAkV8pARQUVeEKljp7f3C8lv7pgbbxK3Swgt0u4Bo8sDLDS12iJO3gA+oBgZ2vtplFPlfxKaxjF5SABdYEBDnopWysV4jOh5nhe4jCEB298sxOXDr4TBp81/ZFhAylXuYC6faNVuizbuCptb3MPaMUHDUOMcTCTfmXt8IkbTHczXExfxKr3Fp7gpquqgbIcXOCJhx1MAask2NV1jEuYxfUqVWNYeCPg9XdwPA8QRTnwyxuE0WqeBSoLZUNwH3iU3azBsHXszXqDlNvudPsSsvMN5uVwS6BMqrH1KvC060HiOasWlba9RMyRbxfMc5dNbZiFBAuxyMrAUsMBNMy7hYmLrFlqZFPKB2bgv4pubqrs6pHNroKg9LmU90Ty54mJIyU7iTPiFp4lWGePYP6GVKaz4+PGphtezQ9GXR5xmvBGnEwZ/UlKu3mXvL/AHtbX95op5Zu5d4CH6i3T1Mo8CJsmFaUkyUNbmBUFCKc06xGHARxyMouKHLqCXALd9QiUNBy8ymNCVcftxzMJ4Xl7m8hqru5XdrDpjlFNwqG6wTJv5S6l5s3LRmmEI0IdDncwpkVHQrd2s+pU4AwylPXg/MsQLdn4QiuiVFC3xILQNF2YL2Dot3zL7Mq3u7AW+pxm5ZvQWCO4Dn+5QhVyhRBnnq2T7GYkQMGX315gw9wk31A+bTCfLFkpO4OB3flg1sJbukPgESHAsn1jwMLvF5Qe1MxLaAfw5E6ZoRaTzD1DpgS1ousNynu9CZg55RlPib4Kyt9Dn9I4MWyFWgguAEfH0JzAXsXhZ/RirL8EaMRBg7JzX9pel0PUv0ErA4gChMNwLahWyWNHEMfGIxSQMotmKl1oC4jZqh6maunMxudbczoj3hBIqm2xXCsPzGWu3UcPmXfEVfme5oAz0eYrLnJr/s7i6ooDSfwQihQnGhdntrMFx6LTkhl5KRSpWwVp6JHsaN/clfZG3JMIMWJwjuP/wCg8QUBfBDp9t0XDfgmAxVh/SXIJjBIuUUuWfMX8QIgdDa9pxKNx6jox+Zfdea7TKvm4kac487L10XdStAc3TS2/EvpiiKwbfeBNSqwrFjq34iCS3RPqtN/aNqWo4YoUaHJC45zwQ6O/ootodXcwqG1plM88oQ8/eDYMiFaMTAjuPSeEVg3uanjuLW+ceoVZvMvmXwuAHRNgucopQ45gaMwij7I1HcVlr2wTGSXZWlqmZm3SHCuIRZYu8QWfmjxFhleXg9wnFATWdsoATCG02/1BVFAQ2yyrit52spfQlcHc5478XOkdOw0/J9QWpcM/f8AqFmif7JraDaH6lFmZDh/1AR1FybLgUVuR2kvxXgaiS0cWh9PcztYZgwydXCuLhhSUnzGARga+XSuoHbe0356IjWqgOlOfW12y18B95TXhKefA/JG5rs4NhXz4GWIheVjquvEqpcUMfEq1pcpdVL0e+4P3iEdz57J7lwLU3M3czBcEFt15id8xrljqLFRHWJwUsvan4kvw4l6duvMEcVahxRAW8r28Sk09SwK46meAvjmZoZsHiICmazNVQauLSzcQ4c1VbmwVvLK7s9Be3q5T7Iwq8JkYG6OeX4IFKuo/Okl1K+y6g8Z7HUoEa/PmZuYWKhl9mGjCVfmA1GBzq/UzDVlg8yqB8J5j2qK8kpoOD4gGr188xMLGWP7gVP94YrVu+xdnUzCLqepmMZAIz7TiZAvKWsoLeJ2/wDcvoJS3BLm9x/ATSUHLQ8ESx6AZ+WMOA5FeWZQKWbSNp8FsWd1MeM2mQhVi7YWp39Zo0mVbJV3V5g2G3KcR6OmZWJU7Sot0GVgZLRCDFQ4N2wi73FXrMQa3LOYmYW2mK1/cUOZvzBms9TSFeUOG+EZP3Ji0ekooJdUwwcVTDGaS8z/AKlpST1LPwmyrqG4LSEvxK7S0zFdSsj9K3XuBWnq7M+H8xCx5zWe4X8AKKu+fWJmWtbzxGOia82a+JmYQKhBz4lOgUjupjKHZvxH1RBiN+fG5aCDOMztZUdmO6XIhYZsTnwR49dlH4hLHYaQ0XiVAdIH04gJPg1xWkeG/wB+PpbiCHhMgfncvM1tvUtcoTB0jzhrxDCAqpgz8hWFKc1NcdREcx0yw4xM48C+IZvAzMNEHsMMyMcJnXFlMtS8Igqpi6coWfwhsrmepuCgvRBxEizYODVxowV1EcVjiFkPCI0px9ZR3SylXy+IAqHaFyoS18kRZs+8Joehftf/AFEqMrKe8nn5g0xX8ID4zC6pD/z8ygdmB+fk6ib4po2Yf3cDCg6CjJMFfalajyxC+GSKMbUlbvUX7mNUB5gSbkB5lD6l8TCBqLcRwi/CnQy8tzTrAZ+/Kf1fliWE0KfeER5CmQIEbA1K1M0Po5SUAoCWV4Zpn7JyBxsvtonPRrM/eBBrrn2wBXwAlz6TxLO2iz+pUwFh4eUdszQ+4wWLGqXsqiNpi+p+gEyhIH5JwX8v0DMGT0QH8o3LHvLdQksB2TOkj4I2oYBWGOXxGALj+CDunhg4KwrFlYz3NP6GoOVzW4osY6gLLHUvZJ/xYjtQZizQvAHAeAi+4BeTx58zrHHto9+VjEuYXEXMCorl6F/zDgeBej+ol7Va9ro/uW1ha7OMsxW1YQW0z3xLuZZNomRXQpvCLmhgKpli0HF5mlgesz0AWISvvu4slvBUbrw8z9LhkHzC7fV/zF7qW/ORjhdSkqnRU9XsHUe8HYZfSHecKM+zzLDKqFfqUCiRUQ26JWQ6zo7lybaG3hO1jBqpKeSUmGeotQZQx3cYdjqpXRZ+ycoOqYd0rsi8D5UZQErGVg02crj5IEUkXOpr9sIsVJZdQOWvaG0uNt73CWbOItIZ4QmZwLhTU61vE0VWYtxKBs+xFgrUpRe0Bczdwuu9OptxIsuLcdGIGitSza6mAagFmrwMtfQKIOKcE+BJiuvtGUS/gZT0SuF9vU7jyMwthDSNoXYZlRZCN3S8tnfxxFLIL/gI4uld331ALJrqVLg0e4bjw34s5/55h1aNzfF9QX0y/bKhEx8Kg0rMAx2YIlqLrpMmI6lzFNripSose/CM0i/uItVztZ7kp0WC57h7bU7T2hK1aO/DNgG6/mLMDbvUAK+EHUfZ6LhcoMCP3KqD4gs8w5uUYEC5cyrDf/ZgsTEBq8auNmRSB69/S1eijPnNRtmK4qUtq9Nv3n7oYkO7f4g6GR0vU9X2gsDgv4DR6xuPgU1eRWf9IbCrH8Pd+dSjOJpu4rpbgPwxlBnEebmC7KtGv6nKDZ17SlVWHEM13OHllQZ8OVeoqQNtQgvajDqrh2dYS6fPiVXCpnHbKkWBKx6kEnXHIe4zNR2HnuHKlw2NalOyQY2Hm4LgnzYEsnEEOVwYNrRi/wC4gP2q4SA6zbuJ2wGsYlvcphPCiDTcdo+G5mUl2it5UXV35iUjVHEqpXf3KwJSsVol3EwJi8zeI8GaY8MbpygwO6gQrB4xCOm+5Z8CJm+0vo6i8t68Sg+2p24CWMNpT4TkSburgHRqzOdXJCrW1Uu46JXyeYoWawUdFwGiUBZLMatxLms6fvMTl25TiifqATE7cmW83EYM4oDAvWW8x9LPa8RgPC9sQZ+DUvAkG7SEZqFrVdsfpeyZti3CszLWIGQuiDcmKv8AclElOXZ9fEuTt0aGJ3Ylr+IL1WKtW8xJef4JgHgyixZPcaDi5btGVsPmOcWCZZTdczEIduj5hbF1h/LMY4n4YCTbt4tPjqIZvTqXDl5jG3wS8OYqpDGP+PEQam3xEcSidTqTJrgi20fMAQYQXeeoMEY5lKu1hcYR+KrH8wTzLuUquYpgZqVBTmsQu3JaQM4isXVtssNvmUN1Q5OJUEsdP9y6IC/aYtya5ovKhV0HcbM2ZBytTUDSo01AjM8OZbXydwcDOC/eLbAOXLDkhxjEsG4BW7l4u5ckquuyV9f5l4TryLiAAJZBhqPWGas11ReuPtcO881iIXcreYBRjioRX+ZkgeoE5/aUd1LbVOqmzC8wC6Du8xZ0CwEK8RicvIszfM78OasZQsoFo1C1RDyTErneGqjKB0dxoLvpUCi+D6LP0DlFVk2fUTD7gz2eZk+EXOcnuVKNhxBz5hWaqN6+IjW5dBnwTIjTtgCbUwfmbSt/aEIsX1Nqi+ZmCftKoKdC1gY89F/RMq1FDcrlJz96mGLWNRjktvLzHV7Lu9EEq1m+4JWW3XMXeBkD8Qra9JSyuyFOFniyuEjePES/0YgzYIMO7MMLaypvRbw5ieGvkvJFMApd+ISoUhVc9S2gcTmLmpgK941FGuyM8neCPALhpYrNyy3vbCS9RcPmXQsro4lpgaTb79TGN5/jqXCqCFb5uIwtuUzBEXGtFvEx3uGT+ptqBvMsb1HOyFmE1QtrKmDMI4qoxfeFXYShiuUypOTuJzC0hduZSjZf4bJTBpPmuZaat94J4JQMCb7pdX+44LM5d3/XqEwJ7EGpfENPRfqYxRg5e/8AUWLCr5Zg4IpbZWquB/oiazR5i3RFKKHJO9fiJhZsXMCqRcEXKKVCsmHl8zCEIeaUoOJX0Rnb4Ern4F1upnEqYMDOYOOeo57ee4N7q76IdIzRfF3CvAmaQv52UdzACHNlQ2pWRtAF7Pa4HVGu5VaZiIKuGTL4mnn5g1luZJZxxK0oPZdxjgfWo+9wUPD8xcCFiUmUZhgzDZLjA02RrFS0lqqY0OoMZ5mI5uYoq6rggNrw/eB3lKwJYhfRZG6VH0Xc6iYMTNRdCj0gjUbXQVXqU2CWourjyK98v+ojPAPc0cr9oWsVaXstzF5Sq6DArLKHvzEWaQadExxneeJWjRtLyvYfqX26acDfLklqJAGRfXiHbJyCuf8Acqg+aH5JSnvZ/KCoXE6v5lqijNk+Jql5NXP4hhwsHZX8QYkzFQ7Dyu5eJ7JAeQ/1Mqp7X6JcIVgT0tKHc4RzMm2oWDTzU58Z6JSsJ+pRK4Cazjm50ZZjfmPOxoK5gbwxfMqCxoXPJnF7gmks+YOMYTZr7JVaviOOX6TB2hzuG86hQSwWZVd8RWviWwSuJy5l2kVFe0sssmvkzYauOr1Ld3e5VrwLrGPMOr0Kfj7wsOGrXvMSc17a+yJLNnN7zHogFaD+Jmzguy45K8lvEVZeWAJ5TFkYLihTrle/EEAjcBs7NRQOy/ZxU2M7wWVLE7dgrHgmzZ4tJaLlw/7ImnVYh8Qb9Bhsw7lgKy/x2gH0kmsIRAl8lSvtOgg5AOKL8wuSiYBLO2v7F/eVBCgXCpE2scTP2MIC11DUHHmWcYbQJCySiDlibN/E5LvuU550lhnEwysZ8TuzAxByg69QUNQMM1gYlFGhU+0yxRzkYqjVncctlOMxCt3V8soutrr1BYLWwnm5woyMQTtoD9nuYRkYo6mFRWAuH21t5bmWDJLoOwNrUt4RqUXDQoH7EcFvxUOVer/RBY27OuXxACE4Iye4k9WjA8QWHddfdxUuIPMz/wCRwaHGhoYD3CoJk5IwJh5kFpQVnfzOWqZW1sp23cvRSc6NvzSmb6nZaxBRHKfxEqd8qAHBSoM+IAgrgYuVAfC472K5Y1ywu3lnadiGm6mGcsM4SzJC3AquFbhWqBOJjjP+oVgZY+vQ2ze//CO67dy7xL6iApsmn5lafMMZosmWm59iWl3Dt6li1csyxKeYqauu5aa6Z/My15VBGV892WBWy+Zb0vNTzxErrQ20cBE0LdT1PdKymEIb0C14lFG5WW+iuZRLIduM9e5qTmsc1UoMhdmxe/3FAY5SaV4/XmCKBcAUB0R9pVZ+XEHPqL7Pj/cwZK1PHqFnweHpSHUaixua7iXVI9Iw1WIW8CwX5jlhVurrZ+pgFiw+f6mJAey9j3NVNSi7l8wc2but/ERBA0rRfcCFheFbgtcsppG9wgb8xrUwh4CW99bzKr3ZxNp45lFOZY1NKGG9nLKCGRNSqKx2uPYshvBx/KZRMwcI7WuahZWdxnIy4ZiviGpSuOJnEe3iKNEH7JbUxg5XhAhAInhzXuaSp3UZLk49nc5ZGUtGUI9uKWaso628+IyngprMSWhnHE7AhqO52c9h8+Is+1esN09+YQtpuxv4gR0nGYUROKnfMEN9thW68DzHcgulZwf2zBBuGcc+SCaKFgL5Jx6lCYCxuseZhitVtV+3UrTMckVnP4gVkGDGZoVbvdVG2XnAH8zIJFExMUPDH6KEErDVvmWQkCeFL6lwHOxWfcwpp478spDS6LH3jsJ4AJnNl8Td1labw5WoYmVxo+VkEDsNsNpozLMcP3iXwcUAFAPfU7RWhwYDBe/vKMK5li4a7WYk0G5wAPX5moV6n9y1QvlqBVyt4ly04jVzOcRq62x4xqPNQdtQYeZd/j8UsKOFzAK8cxdhRmGnK5eogy4uOwM3xCrP24L6wxqtBLOccK5PMwWi8rWJfoFVrK0JojHjZ/tLducEGH7oliQK5wm6SVKPvuJTVbO05r9eIC7tl11b0Eo+VDXxB1ocQ1qmEMvgrNLsmJ9OwqODWOA+Zg9luG33zNEInaaHnn4gBduppw1/MbDgnW330Dtmk25TfJU66HRZ5Ytya6livTHi6x1Ad2pS7WTEOIA8kAXg1Hg2ahZ5fMcV5/TqNUavN+eYOHRfiUp+UsFcy1J0RNRbptuUG2G5izOaoJf6+hUZZwhTuXRoEUTM/JDEoFQcWImhxqUvPFIRbndzFoYgU8sKyg4lwqMOFFUqhaftEt8HOImWXgrggL6JyVAtwec7heWFugl7YVNt+JTwFA31D+4g5W431/cbv7ttDvx4jM4sRWbwe2FhWt3LA0LfMTJtwkbCuAWFDsb6iWfLzMAC8io2dils2i67fzH2ldOXRv27Ym2IhSBxMEHE9BgcOZf8AiX43FgWNvzMlU03NBdsEsY4OYL5VYIx5cmJfghdS6YKXffRDwZqVWIkQZ7cxWsu4qZFX1MPPic1q9QBzHdahdTh83L6IlA8TiliuocJofExSFWwq5SDa1p6mNeMlSgDTRf3nfamQudrpFt25TbB3NhxuX+JnGrdbgVFn2xEpnhiDsEOxg8xiqRL83tbg0jh2ZaF9rGAlobAK0UmTyHKstsKAbFO4tWoahR4qDH8TMaTApVX9Ru8pt3FMSgencWl5l0ftnds1Pym9ZOuWeT7qFdimfUClnw1BjNv4lIFnUvcGIqUTDnzAPsouFyD0Q8PAHcLEUPE1BcUEpbxziFEBwdqYdi+49f9cunB3GoXPEaxxFVzPA/QS+o4uoL0zMj2fUd6lVqaoeCU4VPLEqUqwBUjHAsKp+IP/mVAFYiOQLuCBBbWCCCsizxMSUrOWWGvxa8pdo4jL+iU1BOAnUyjKsFVR1MTDcLuXzzy8eJfAqArth5TbY/UFUT2R6h6nwTgZbuOoueIoxaZQW9PyRLnTzP9OnogKppWiUrGXl4mASelq5VZ5u8M9o6lsfRMvxHsF29lSgOdE+4e+JxDiAzcMSyIyz7h8+Q41FH223nPcs1ktviUImV449wXvFpGFFP2lQoNNsrJoPMs2N98xiHMMa7Y3Qq9dD6b4jeW7YMeZSUOzDMkKQ1WiIh8QG5UP5TiQs3MtH/aJlRbEXv9posxydx4AdXGByGy8svqUly8y6BjmWpO3ovryygYr9V/D9zAq+ukboWtru13Am7/AM1ERLBahkGxwzRAc8K1M082UwyCmdo4Ap7xKE3tDKkqHcPbluufn6SnTGImu45eEjuYhDGdOYiUOjEQq08rDD/MxmLiZ0FWvEpYKdsKAUv5lCNADrmWeKsDMCuw3bByiq8RdIjhzq5YNcb1uEtBQbxUwonN4i7wtuXh5mSBUyqXaMeJtOvDALgyqJpi4uGsvcI03/CJaguyc9lvJqDZgvAocNQ2j4jHMz9/V+IJmKVxYl2QPDfgIycbQPw6PHMMmqK3RhLOy2bBjREsLyqLzY9TRnJjMFIoqU8yj7Ay/wAnDqDjNqKFNuZhBZmmUiZt0QuwGOyBgduaioap2fMUpAaQYELmJcQBrEDaqg6mC2KriZCQYz8Tw14jR3QEViwLxOw23cu5A0blqxZwUYPUyW3KZq0OkxKCuIyUXmlTzCpd9RXnmXAOlhGiRNKGvxAUgVVtmipxjmKViW9RL7ZS27qfdADTU3nMf4uMK7EAohmgt3OaKYOacxq9e9ZZYsWTCB9wRrZsZoCv6hFCBVUnVxd+C0bK1AxwlDA8SnIfDMnDruc52ljmQ1NPIpGKC2gC/mBhnXWRiUEWyhVqurz5xA6T3Mn3iUzpa+8eY0XPiDEZryqsbmUX4W6hlwH6gE6tzFrB+JTZNzJcTMnqKWpxO4F8Ww3LCg75YiTk2uPIDljS070RLguFFEKJy/qDQBiWZMdL4PqYBgYtiaordCNy8cNsDFsu39Ra8ziWDO/olSr/ALlQPvKrgsMxqw30ytkIbgauiowwXPUKQDDdwIZPgr1KDYrd1XDajsxAS3Xb5dx6wkTCBqcr4zoj6wQ+HDUUWkGrqAUB4TUG7ZlWlC+oLw7FNZ7ljatF4WUOINdpQ5OGXOxB57lhu1K1ACDp2x2vfUo8zlfZLcIb8CPmrjOSyG9S2xw+BKrvMQCO5scBFy1UxhWkH3YsuXECdThGyhluJRgRSyYXt+aqZKTunmXBlJqbBMFHLCzT3ENJFz3ABAdXzAj10QkzbVPMdhv6iteqgWoeYGb0SDDymDQ2lg2GLBGqpru4dy+G05ib4Yu+4V7TZNwQUu2cZr5lxXWqnzAxsl57iuAvDsmVcwJS6/MQJMsVfGLLlKJZu3UzRxteTiUkI4J2llbM9S8gNXVhNwMHaYDmncvTrwl1ADM2jx2+ZUFDdl28w5t+4ulPbNgYuyce3M/YYfONyjnd/iYzgqSXawJdN/mYnA5mfOITS8uDxAOVgQHLVeZfcRpimGcEaWYFp4ZbfMwLXc8OGAbJvQDpeY86feBRQVmdYuYGl8wR6/eCX+cwgEiY5lslw8xWtmC6q4YPUQFIkM6sXmmUCGW1y5WLWSIjWL+0umbmyMdN4lvELx1DBorV2n/sGqVNGFVAs6spTJMzZovxLhnByg/mZMoOLNWfmDoAwuEcc4Bv4mxFLHx0+Zl3Rw2TlaaUArUKse5Q9sxmXaILlJyEtQ7na9yp2NDqdcezmUg2kcESbIbp0wdIeJiuruZLZjassENQvQ6iOhql5mA2Cqm8Z4iuO1QrM33UBI4Q8x/1LLrRlFqyHMdmCcVXU1XCZu3jMeQ28yt8CKzNBMeeJ9sLvEawtmpags3gJalXBFVTGvmVByN33zM1sMzGY2+RUqppWZxGoC50VuZVZWg9RhYshpVx9AVBwRm2LLHZ2hVOOLmYNN4vmZ6XlneZS1GCeJwYoCqbv7JAtTu8QmCrGUKyz1fEGPr2cwbqATmaG4AlTgiUxRcwdEXI+GVAApK6gllo4S2CF6bxDs6m1g4SVVieGWwW9XxDZdxM9O5dGZdxAQ6rmUp6mRwiSpm7S+YXivay0TCyvNkaluAnFWa3NDiFk6jRnYLnQpmFonsbJhW08TGzRywcszx35+JllgqbzuAv5VTgucCfiOGgn77m7YaauHioMkvKXMCfcnWDtlXCo3Cptoh4K4ojgG6+guzMo2H4QbFPzjhVuN3p6jSyhizAjS8nk4qO26Nu24MF2cZqpdXONrU/xFGKcp359zE0a5j+A2TiAu7dzTj2DB7jgbAOL+Yt8UpeFiNggDnmpZQttAjdp9t3Fow7h7a+4bu3ucgExN47iuacRXNXN8eIXxIMW4nDXkE3QpipqzFwigcM5KjglJ4lhk+ZiSzLv6FFwgLzuIoxfmUhVrgRgigm+pnVbe0UNInDlU4hcqCMpUcF9N/tCmNUddyiSWVZj76PunWWPUpujLK0oWFW1MJHvZz8RK2yhaJktw4+kwixtizQhh5jNsjdVxKY6PBrMVtJnBhpUJcrHF1AZotmjiU0xcQFfMuBS9Cb8sqGB7lnwiLmVIM+oalafabNXEuCzTLmKPzReHslVYmg/wDCW65lnMS8HxBaJnHP7i9OAu3xOXbzK8agbV1ioCi2iwtndyqOMEwcXLDuOAnBHHofS7I27SwZwxcP45XlquJeKku/BK3liYEacR8ikZdTEYXfXiA9S7Qe5ZYTY3poIMXM2xhziM0eZVKI56+0wUCZ6viVvTg5gMqfESDbWIyeOIANNuJkA1wDzBfBVE9YCo5OkrWFwOZ1IyxHswjedtJf2nynLeO3uVXdjSksKRdQ2EGwuNQfNy8n7mxNxQNyoTrmo7SgMqwH9wUkHAce5VWdNcymT4yJJ8Z21nh1LA/E5yC5hM3WzIFdxw5cQTKrRHfOGjHpApICsSYuzzMHXg69p3nKYOlbjbx+JfiaSfMuweZwsIWp1ylKW4ndz2hLVanqv1AyHJ9427LadxabxE90UumVUF1LoNYKq93mGkI0gsc6gZXr/iVUNVHCLBttGMFzomP5H/ZHdm8aiJxymgL4F/XEHEa5OiKjU0cksEyt+m0ANXBTNUwI7USvMpfN5Zq775z3NwmgOpQYONQpDXqKsuDtMtMcr1cSp2J2iyyKSpIuwPxLxLduVusTkF4KVKw273Y3FCndS1KgwaiWycy46/EczNbZvqL3iZgbgDLBRycRpc5YxHNUW1gz7RrPLuYdl6V4hwtuZkIxw9zEkOImaUe6FSFF4NQNVNhvExVrNxlhGoQ2ICupaDAyeC+ZSD4kY1UcMsxxYQNkx/jBV3rKwVqEVDFEUV3GoLbaPhuXw7cVLBCIDwykHzLt8ICwZa5ZiMHBBUYMmVkWP2D/AHEilTnfUXbupUprHtgh14Gw59QgY7cj1EUDPliOJhh5JnUDNMHW/DPABmI4RzRmolcHw4g34hNysWcMynQO4hVq86lECtCFU5DYnDLVdGE5IYhvB+4v4jiV/WT7kXQSMYLiIm9H/aifM5pxEMKzbcqLHjEHaViM5b6qAARvLMCzT3Nd6JgQZg8pwgbjRtjKW5c1ji5Wj8oNRQc8SrzF38XEWwDa36nUA5nMDAGX8xFqBWnx1MflYA6fESwhQPThlYHEKMdtSs01gNl9ytknX+4d5so3L9hMrQf3D3wANDwHvdzPPw6lChD+EsbgKpWiY1tNUO5RYWLA5JqeSSlV1KZR3Fzc4DQq/usQWDRvtGPJTFlwIVTMoo64Z5fiKs7mzYONSjo/MNx9qYrsZzyeoaEtLUqeijBL2dDn+iKDMxrPn6gcItlMrx9PDQS5Lysugtxt6dLYNZQDHa5hYOF2olQLJf5EuMS9XcWINdlLdNvfmZzUH/CC15ib9cyy13MN7my1CE7cRWGBToG5U0yyysBoy8X1HuV9uIYrQUg6ilfkXN/tARhslZBAU4J2DBdfLKEVkj3KK9Qv3VXEKtlO6y+cD/EpP5Ov5jVWt0lhI1eYS4K9hYjDWLtgQhcc+kvGEKpgf3DhPQaffmWnKOV+NFTFS8mtHLFlV1MIvCsdzlOIgKcUHUxYWOaY6l2hy9XOS4+YetYxAFMOotl5uU4lqZxHpqYNqirP4g7xX2ZgRzesbLa8H/SETDgdSwKb5n7pjsK/NAdMiv8AmBR/E1UeFLZRQ64XTmBao5w5qIE83DG5VkHcVgbALdcPBN49jNxGzpKQaxLJyBEGiQr+0RtuYpAASJXazV9ksBWHe345lLWM6JHF9TncZ0+kWUC7GvniMftV2fvEISGF5SmMjFRdGovygHYP/Zg7N8thc9twsCiq/wCMwSxSD1Da6sW5m2g21WoE4+0bkdDYd493FYnDY5JiMs4liynk8zEUr8PMVYI7XHmKxo1XMxilfMDRX6lMfX4i6FbTubQqqk0e5S1kaM2CGTzBm26YKlyQw1G83FLvhhBkL4jZa0TbygOeHqDS/HcsXXZsJdzGzL5Y7Uz5mDksDZXHHcXV307hJmM/6lBzyH6maS8jF2kX6YMvdLylSOp8pdVteSN1k3+0sMxCsecQm1YuVrRzkxAm+cIqfEEx8bSn77sxBNRmszgnxtKuvMZtIoWgznlgtti8K/hmwtk7dytxy2sW5V2aaf4mMOahTD7IUTEGr7KP3iEAB+ZqVcVTYrHmPh9+ONMiqcy4igZ5LMpbnO4UL1w8wkBYzlK7uZTpz0vbLdtlMPMZXSiOjk6+ZRRhWHCHsuc20IYOO/mf+xO3HXcsUTkePMBoXJu6mdRZGuPRKKSE3zKM3NY3GjLYIA1llGq4g6i4N0VkIYxMLQLEENfaAtig9Q2yWb2eCDRpNH7VG1NDmMgQC/8AUPq545jCpyFejqANBssqVA2wEXylJS3UMUdiqYbLC6HMqLZz1EDd+SIObmVuggAizOZVtC/EsCb7BfllA9nbHMK+QKKfW9/iFxW3F0+0sR7LbY207xCqs2YQedhHA6FNlnie+IW6VuX4nSPAlkYDUHcqEYSq2OSEhUFmsnUvR8Ub/wDJmL7Epw3yrGWU20SzsDn26lNjOCOxHV0QTftfZF0fmC+JVlt2nKyibg4xLzvHFtTArLqLaWX0feIfIYGwkBGnq6JorqgwrHMqGIbRisD8tsRJWRuxqA1CstfuNAGTibNfHUr6QSNnzKgJVxYLUs1cDiMGApOFwefLL/oXy/8Adx2TqhcvU6TcuD7qZZt4st3UIJYrAPt4mbg+bmNAa3fMyrF4eXuiAcQOBx6gtoGDPC3zLou2trde+IN4WHh68zEhOVnwqBgW0FdAZhsu+A+D5L55hDdcYVxquczMEFFNqzBvcPcar/2YLRijhIhnBnVv9SwhRHDrEqPnBRMkl2YqLSJRuCsN5K9tOpmRkr7Oy/tALuuZgNMKuByx35nMbXwhVgYOId25EFRLtDWB74vzfUWshhUKxy21CmFc5gVavHuezLJbrEtPQe5nrWZOkwI1rL7Jcq0ekV669ph1gHGotLRaB/lhqgTw5YoqxbgUFso3qGWV0eBNiztcVtdalNxxxGQQPi67haI4GOnmCMGTNuMxY3KcQrNGu4ogBxXFat/Eqv4LiZ3qDEQKy5tuBiBwfcsER+xiOWj/ALUIxdev7JvaDscwYUaDJr0QrSl0Wd1CoeRamyt/3GuROf3LoeSuomXkj8xZq52XAx2Yz3KQUFNjlb0y7UqWSdMyFp0JT6l4mNX/AEgTsUS8qsMPHh0GzMUl/qwkRLeAOPvClwLFvwmChrcsUXh5C42ZAEdhn/SZd5UA/b37jJGvJpW68xLQqmMr+0voYnJxKgVs5yuxt1xLWCs2sNKJSVn98hUZ7By/QoK8VM4MmF3AoDhoF5VeD9wWrkHNeemYcc3ZUKGwtLicvNZ4l2P0a+ZxobM7nU600piZZwgQVOKoaWC5TV+WcmL9wK9b7mBZf74kVXgqbsS6JQ9/2CRGagrAhTwiuqbvSP8Ak4Et/qU7wwQVX0QDQCcEsjGrKJe3E4tI5CNWPDHYs9xSUtw4Ct8cEYIEobXRHPnArgc77PMFUgRdN/pcyYy44TfygJ4kELhp8o9USWAHFfMDK2TwyXKdgfMVRSKKRpqKSkwm7P8AmZX0OB5UTOQq7dwoBxovEFWF4nV4+YM0L7pbb4EnVbM2uvHiKVJHJm6i3h+uL46lQ1TdiA0IxWE5XLRDzitWF1BpIS8sR6JXBa8SsAhPhfMvgaD7wdQDnG4c68cOIikbc3ef9JkbKkFY3tBgzjFrIDvj8QR8k14Z/KW0tWxaQ8Xhd+4jXKlVM+B5cwdvbYPT9B/c0JewYD0cR9SLmtU+D+YSlXMG1Q/iFz1e4PMQGNfzFjQOPcrx0y8EsmMuKM/+RXca27fH3lnvP1UWEDtpWC79eZRydFlsfb1M/T+Di/ioV0WJQNCUA4rh3/FTAlBQ5efPiIzRNPG/iXoaEdnNflmUgU3bj3GwhUaQgypyHRFV/D+pclWVFi0vNzgI68l5IbJwdyxiIZeYBMw+x9o7Gz0DxDIBotRmUUQ0LH4if3Cby/pKN8ivc0laxcBl1LydzPkYTMugLopFZdXuuphjqbeTVxnNMYl2i0bS1JVIrHLmUG5vI9TO6/CgRHJrB7mREsY35fMBS6uoG+CZJQ8NShnbmC7DT76iV6VclzkifOuXucggdhwXDx46zmWHzFt/iDRivEXDncuSHUlYBLw8xNYDeG4rIfLUfD+NVAY6Fcujtln6GXMdVvXqboxv0KCMNMVr4iLYMsXvf4mI8nDCjBxBZRu8Ed3t4m12iNA4vq4VFU0KDl/iHGJzu2feBGgVdnP8RmmLDLo/UbwKjc1kc+Zk8oV4SHmXlWPDzNbkOWJZWljfNxcpso3R1FOMFm28wL9FSFNGyCgdk+9E8UghwufE4TwHMMNZ++Osfpi33Rvkiojpy679S4vtrx7gDWGCyaGuXBLFxZ3GFB14lwNDz9DKSt/dFmz/APkiHYZHGGNWp3RGcigB1eKlvfZKfbcyrHJWfMw9VAHMuq8PzNFb4OyBNTzB5fmGlOOLzT3Aysrogh4qLrz0TMCr3zM0KFyDBr8komHD1E2rGb8AfvEb5AmowaXlkzB8C6QeiVJeuWGLJLIbC2ONwxXc9Ow68x3DsW+UeX2lveWKwiwPMK6p4NxK8OuIgZHhu+644+0MtNG8oS5NcZv+4ow5Pp1LoiGjA3LfERcnuJogxUAOFfRQ8DQbTxUwpmyNIGxKZ1LDcK7Yx5lLnWzmOCKZFJ2VECR/ont/mUi55LgHWZTkUtnPuL+5JO4eQQW2Fv5vriIKRl3iJcFmTpKCuu6pi55mYBRlvc6KX3BgSbK8zXuYmUkVz5nDXOpZlweIagUy8wXWNQUWwA1CAV4q+rlfEuXc4z+4WWx4RW5V12wUNpiNrU7gRAig0olNEpqCbREtM+MsRO1c5buIBcG1jZ1dMxJq34QY4kaD7x2sL0phVGDbAO5qgIbUZL6nNRRWBOb9cS5FWBW56qprCm36IBCts7G9REDMF3zAAbM5Hy/b+JlMrSOWWYsa9y1vrjircueCMdvK+bg6zCz+UbZoE5eZxAsUR5zi3xHacRv5ZoS1dYCsmpWAVctQ5fc0W54grp1U4PSVTV2t7dSylVyeoq4R5rMYbqqt3q4VkYyAZn/7MDgd3FxWqfC7vrG5U0toVeWKFWKnCFshc+aUqPQtuaBzlmZULlrEt/43fpcow1XwIKVksVXZfbFEvaLs8S9rUEOeY7N6/KYn3Hc0b6lG6VGcCxWI23FZIuTKerrSCgPtHKOGIHrJDz35j5AVqwufQ7zpHrMTrTRMDyjWnpjRPOlLeSUHOnkWXMDCDCwHzIq0pmFBXLsS9fuBB3UtXcK4hCyyqupd4JZFheSLB5Q+jplcMge84/wDn2xFjTb9TJYGCs9HiaaVwo15hIVaUvyMsjUN8eUbbCXQsZTh8dTFIZR5VKkGYJh55IGJlQmTHS2pnpZmnjcyMKHQStQCAi/iOXH2io0GviIeQNl3bJXzCzdv2mDHB7XLxtbYt2/mWcAOOdWeJtiBtzEbHTiNWOv4hqNWPmM3UmgM4/ETqsVmY1CXWlxmUGaG4u7D1AFBr9wOXUzNVdQAgaaljFo3qYGVQRo/mDTUr4mbLIaX1GE0GBWOkemipdHmcxytuCGkxkczNNBjnUD6a+++P9JtdJaYvDUr1t5DRsuPpqx0/wAS8NaQ4u/5VF4gcK7Ut2h/7OSYWubJyZrcN/OATBu1U8Epsq/MdNmel2vLPLcPiUE4ZB+ZyVmD5mCmCgfubiVGJbuaXTH2AYnb1DRoVQuqogtkYVrsa3BstF0r/mKvLrBmyLN1WpQFPK7fmZrjnM88orA7XxKhRW8jT9TDVGwNcwiCgxOz/wBSnhgi5iQ0GuoKBVZZkVFKrDxELs/UUXZKH4uWZ2t7rmgAuvUy06mIEd/RDl8EwAWHh5lzLha+pURDgo/MxMqhhWiBTShbisQJbdZyRDQCntj9XDmZvC8ieIQxEI9hzEIcUH4lC7litHuWCeC5M1f8QiQVAO/zmalsEMefmDrEAq4Q1LoquGuQCaH2i3uULLVjsywmgyKgnN7evE3GZBQAOe5XE+rXU5C9mZrP8G6lQEwsfj1HfkDXcILDoSojZVkbUMsZiFGmjpKhcP2qY7K3NYjle4UMtlCIyGncU8yaczEnVerUP+5lkScIvuFZvjBMuhzM5/O4WewteHNS5gYj7YUFVVB8SkrutRi+Mpsm3EzEMZPqZ4MKn3qHmFZXKOI5X3mO3iI8TYYvLKs8dSraqsnBBst7iGrbJ6mieUDtjUSzl1GBRALoijmt3Kcgq/iMCnJENuBq/mA8pWdMsTyPvKlBHhyfNZCsRKCtdzflJo2vdS3tUPuzGXmtEFXSEavOAx7j2ACVdcS1A3d2eJQZkZe4CQBZ801cdJRLWVzND88kygiYnijUqYtKz5H7YlDoCg1UpACqqKCqxddx/EPrRrtjYFjyD3UKVTQsXBsJ36QVaWzNwKLulFVd87viIJUzCma15ixaK7iBkuraJZeVXlTcuBEKGfCJC9JkvZBIAop1GpWwmxX3hhM1FI49zfm6fxMBFYtoUyqeVbjqoqXIiiCEsqYblhNdzOPqHzqYDgSqrEqe+EvbqUJDVruZNqSwLSZSKZHA8cwEbevTFWbED8Sy9SR9a+RqWwmZ6IWmh6Z4jYXe3BR5gGNrxQ6gyamdHLglqeMI5hpDCalyFEo4FlKOv2N/HEMXTsoTkHL+JQw3xfLcwPy6FIRFHd9DBQFI0hd6UVOMEv2AcuwrUESXFPMxPJH7rrXcww4OuUfoVECkFN15gySkG+ZgTAJSrx1FwI0xTqX6Xt7/AA+JURZdjUXDJVDDIErkf+dS7lMfWUjnQCNxHiGnoPhX+pbvF+QxntVq3fcxC4PzGaRXUl5OZmoarh0IgjpKKyyZWNMWvlLKBl5nCgAtgZzX6TMiJZ17+8o9hSgyl5T3EA7FT2Ipp3RmJStQJoIvII1UejNidjGt3cVzqDh3cVc2iru5alemEy4AxdnmArEBtoM/whrubVNELQ9EKkcs8Rr2OUyFsB75qUtc2aEY4DaCr5uWk02MPLz/ABLxZxQ05V74JVKUm9PcDQTNcHMw/ZwuqY/ia0+nFQjaWbMVAlFbh3H1NaGRUwWWMpSi3J1CMgDH+Iqm2JUo03uCGLZmJN7eb/EbLMHvk+mxJjTyt1KLxXr4ENsyotg2QbQwHTWfzCvGYI1EqZEuyxzUdPUvDC4fuc3IzMLiDSthSRnUgi1ztTWd7lG6tZaycM4atupdLanMKOX8R2fpXwSuaUuzDs1FNgs1/EYuxO1O2H7VJ9ENGjK5jqVZ+EQDBVQe8TBNq67xB7KNYtMKbPKDmV22Is7I70ADynL+JmLA8DZHqiinoD9xGtnYvmabAtaTAORE2iK2LwHiXz0Ij1uXP6Wml1MMSCAHdXMnL4lbqNhLbABFzQ1EkaIc2PMqsYvDKi7I7duYJhadTDC6iZX8o4LO0VpgK+g5W1iOtMoZjrZFWo4DjcBSJnzDfaXrFnWouYM3EzG4Q5c1E9IWpmC8srnCGiaGGz3M1Ru6IABR3+RAnFhWuIsVa0xWzMM6JnWU0OoE/SLF4uK3WNk6mkseVqzFEwRHmDVAAoKt6goM06HMBZawvhEwNzFuL8R6OI2/kHT/ALhccAPk/wBBELNtX7lHw2brMswQDgrgiarBV5IfnkNk/U7YEEqIxTKCUtF6Mv6h5KxriNz1GD0/UzKtqviBVTEtvibAP7ipILfqfcYTExuo241coA1FSJ4MFaw1bogwplplPX0rKSydTKpSg3K3d2B4UQ6J3biTaeYiZZpwnd+IWbTjMCISAM+YMnFcxDJmWgsCDGS3zC0b5lEwHLf8wqpqclqi8xVHGYEbSWlzwRCsUW20wQlSxWmbaWrRwixLFnF9Z1KOOKpxG5f41VhqCxbYJwIdme5URXwealglzs8YhuwqCvEEqEFBnyw4IhHhPPvVTLdCxYLbnqC1SDRzDaYNLjyXFwwD5TlOHwqVRbsCFBzNZseAwS0xdGrgHEXBiaVBNtNpxomJfMjukYVejIzB6i54PzHbuYq8MZoN0MvVdj9ouMx2xFTcJdOZWIV4hacqHzz4DOJUSs1sVskF0d+o3MQckFCrGZBWSWE3ztMx2Cr7mEZQNxSMIaNzMbdX2xMSihg8KFznFMy9eX5QxHUq3xV+YH0QhnX2nYDi/LmY4gjeeYrmxwv7xPv6vphrUW3z1N29w/AlCQ4KyfxKYTvHf9xlFZ5XObNdVrz/AHKsZj/nqGNFKcdJcxHROPML37so0cTOguwhRWtFYNmYS2TeZdrcwCzCGdW5RX7gQGo0DwRaaIcLMRylfSKvU4J6KxC4RD9Plq2nkReSFnMw1C9xyyuAOZbG4v68NvXRyrtXubLqueQeg/MxiLgbTj4gUELBR1L76mpe99lVKSzCa8YOlrUGwcjipaNQfJ4FIMsOEqy4usyySxWL4JQ5REfCMlNdOFZSldv7jUYBaZ0gYDmpdyNpU5AovmLbqfeUpYKpznOJTpLXmIDbwNDRipbHdNfZLq2b2NSoLZldl4tk0T8zeGYFEfl7gcJAjT/nMsvBgwttmSmJVm+Ac4zM5OWKrXU3ItfpGWGlYOA+WLVnMrUWcShnVyjj6T22Tcd4hhDRJcw1Hb9RmEe5MBWhtYUxVfRqJKF8ar5mIZfKjq/4mmsBsIqosI62f6j/AP7N1tWDBg1hinfoz7ZRCQUbeB8zOLqcLTj0WwaRFLa1o4IFQl+V4NeC5hgCO1Rcw2RoGUbkVhfD4hZQlZ4eZarL0IWU1lNjzVfuZEXTkbls9HHDz7jeFrVRNVZCtr0+ZWO/ntvCQZq7XpEBKU2hZ95ku5fcjg4qMKoOQXXxMVQ1Zy/4iZGWyw8eHhD3tT9hHnKKoOLPhG9ttn7/AMxLYtxdFti3UekonymYSLNUXFi5jlBVxEn2i23N6rRbqZHmO2cZhYmXAnDUWE2ygt7gC/SOvoKpi0Qcu4n2m05NDx2yihqXiMVqBAdWpf2g1tLxvjxCyIA247P9IvMVKEvReoN5YRrKHjt95kYbMwAw/UKZyW/51+4tyKjXL/RPPQjGRgorhjxgh4YIdv8AmWi1KYZR3V4nP/BHYpZfcfEIyZiXWq8jLiVkhwxDHPfmVuZjPaP1FRWjrCBTPzcEVQeS2rPXMKw6TsOaz3MjoYOVLF4IN5FNsVNATlZm/pQmRqUt9mF5XMrnBOT3HM2L4F/RiWk1mk8x8xswoDyxKI86xvWnxKbtv3Lsp6CYeSLxGqgi2xUulR+hjz9L0+moN2u0xUo43OffmNCcbgashoIxgFRLSzj5qH8XBLfL6zEYu9l2EoHE24PNQkK9xvX8c+5TjW9mUwdUjcsWtkp+PiLdQK84vddS00Vj+YFCAQ+poFOd08y+6ZNvmXg09UzHNeYavKr8QjKL7mVJzn1MGAUvFQViR7r7zcKl7+uYhAUq+cbmbvjcsbnKNZ89xUdq5xEbIFx8J3nKeo8MAcgA23LhaBc8n0XCy2R8WKmwwuXD6hMEZGtShjqo0ZalLxmOSsq7lwQzLx9GY6hfUQRi4b1FTDGKXcYutfEPoGwcw6NgmWXEYEVyuWtvQFJw+Y5i1zuijowH8IPNCuuSTPVNYd73Uw40Gek78pamEztwOPtABuzeLmYueDEXstzhliqnzE02rD8yu8AvaeWcHZKIbc4c9Rbadr9DacQyYgPd28SzYM8suN2krSd2AGPalY2crLioUP7xOkZ3CRZKbefMRUdMYsXdXLuLaNCEHYiyK+26KueXEtWuI3+pmm0ao69CsR6hc3iY+nEWiazVxNzMEYeGMS4pmdolKC4kDdjUA1h25lSy3DwnF8/6hRzIICWLtEtFmgsKL1fuOMQi5oKq/MPRJpXEY8bOZp2yxx67hFMvRC81MUygUsy/mc6CPioTNhR41uAHNj5LVuXP1O08pAPD/iBZ6sfMzWdS1EdkrMnx57ee2A4p4uaYoilwR5homQPhgvTOSuYzuyqMMDOGK/JOZHR8QuBOZrPzirxj4fS0C3crJj4gywUlwCvoccfQlzNcwZ+mGvp7PoOCMFnERvGJh5SlG5KhCNwvSN0zZUhUfG4/8HEZGawd7FPEwBkOPZn/ALiIu7BsDBD2wkshqbwtFkZZq5/68ysE0ZdvEEzK8hJW2D9tgj9KjZu0r7H0N68uPcCMF0maNP5nE/4IBBVwBLZXKnQ+fMK8SWMQHjuFUOqidNWk4r68WKuI6uIUHqL+UUOUbQ5hIvAuPpFxqM6zLjKmsPcN2KWAJ3EJxLm9QoO5p1LsysPMrM2has2R5MXc4mk9TmIYjiCWFrcB91UaVFcUfmdP8FviUahiPyPEebsYCtuCKZXmru+oRLjCiDsgCRvQsZbwVKL9KCqKlajIKvvGEIwoAWPliuEZPySgW67l/wCYgB95qN3sa1k7DOWvxKDg0co/rzKhTcFg2r6mpPtGiwfGYZyjLATSoBbuX0njSbEVReb5iytZiCGubGYl8iECNAeIu3UHAjUrmzeSGAISM/TiW+hQDuXd1Nag4lj6UG4gqrMuK+jrH0ohb6PFTAtlnz15hu0srcexCSytB+8qyMzJYrNNtqPN/qAut01ZmVGmjmGbBZMGMszC2iqP/Zkya3b1Ble/8DCOG/zFUR9L/mILRgRxWo3NGmbX28E6HkNdfYm5S8QD15mZgsq7nLrz1CzlTBxvMFPlADL763MgGzidTNDFLBCaXmZ1S4PCYAWiILmZuLEyYFRi+EcQ3Md/4lE7JecQZdwtSnc2xa+g8peZoxO/kNqlTL5NrsZSBDXBPiCMRu1ehDFbwKqvHnzcMJxOM0dXqMxKP4zViBdb3uZbWnPK+4HCOrgbIVy85fdV+JYPeY4l7ZScx0B9phke78cE45iupU6wfBzKMoCt3vj3CqV6CqdvgqYPbiQv3FbmVALsMZnDebA3R3CdSzbv/wA3LsJkLgASEsxYCfMKob5jgqVREVOIFY+hUH7IpUVAgdNfQl+P8TiC/S4bhGgxtdTmOWU19CpRg9UrA6+5TjaL4rl1qUPc3Ov9iVUAVr5+VQ/CDAA5fqMIBZnziOCaY8NxLgvw8x/INuBmabxAy8RzxHoXcuwngHMpqAZXYX94zXLAFMLHC+4DRZm8kN3YUsrq4o4wU3BT0z5RxM6LFAVfncQKgBWGYPc2zBgqIcszScJdao3JKqQIgFAgW195xaqEmyx+lwz9Qef8Df0eI8pHcrqaVHJOYQrK76TGlH/Kph01aPiXtiwftmcXCeTMtOHfz0Q9vyd37mMg0BMIxpw9gFdTRpQ7MeEoUKtt5gK0aV3isTdEjaVD03zH2NzONCizmAsCKzy/zMitgFeYsito6H/H0trDtQqoXfmJBSTJM4W3MBymmGZ2gBzKcnUrJG1bzMKvO5m3qLaQR8S6Kt7/AMT6K+05x9K+h/gOJhNZwTEIE47vFc1FX+SDHKy3d3dwXfA285UhJqSWcrn9ENSynQ+68RTDZiez/UfHdzujxHANSioR+WBX0X1ctYOYTZu+hWR3Llk6+jL1FxrTdBXmpVDcB/pcKgW8RTQkuIVn0K5LCa6h2ZfJO87gS8srMWphlqPfiCxa84i3FAt8S1vHMU0CKA7YxQr3HCzC/wAK+l2fQ+r9B+pCOoQgPYPIPcWcPnD1xM19tDxwsIFlKjwy/cdKtftMbAA1l/uXDeVbMVlJn3UTbTTBftoox/EubSODw/YYmUvEGVuNeItSc8yvpgz3Bzbl1DoF2H7e4IC2afaY+D6CR1JSx1ip08+ZhVVB/pDgxCB2lcKSw3dS8TBXBbBWNNxIf1MD/wAIEzFX/Dn6VmGpx9D/AA5lIS8QxDcSGoVhA1tl4ltjwAglbuuzxB62L8gD/wANSoM8Avz+Zmt8NVeZQO9gNGdqdOy4jY4hngw3cxiLtDzGNahbzUVqRbziUvrDPNMfu3OaiUnuX9ysXCOcPvqO/os6FwrBKUlQ8COfzHX5YULdnUSr4l2GcZpi7mTEF94lCC3FUnct8SvpxCcyyH15/wAtpWZlNMy39PIwbjBSHvhCydbKGn9wQLhU5cNMuCLyqUaCBErNkPEwpkpev9yqzFLdMxqRafaV/YB7P+IuFgLfVxLWANFcREzHY0lDvcomJgp94rO6CB7QJQtAOW2+iNq9zTPbL947+l0djTK1bIjpDiKR1DtYLW9QELtVCVA/MwQy4IusRPpgJ9eYZZRL/wACbnMJzApl5i29RPosRlJLKXKF9wum8qQfYMc2r+5eAA21FBUOrF9nESBTRNLx7jgVF0oLItK/9mECvVv1+ZYjdubgGUb+82MGaj1GJyVYqW962EwPqFGgYgC98fV/wuRzD0VajOP/AGFtvfMAKc9TKS1hDAtogrcYNalncuMv6H0DP0H0foPH+Z39Bi6gqo/JDLuN944mFDklPBI+RCnBcZlsnLKNCy2U08hqPBdznxKKGjdeYdoHhe5eW4mHbGJs0R6oNR3cXiNYjTuPAIBh5jrP1JaCRtrl6hIeeDrxM6j5+rooTap8acSvq/47+pX6mJf14/wr67ZrcGJVZuZczBcqlRB4XljAqFDa/MRhF7RfKlkyYotq34isJa3VTHKMJJVPEyN6ghzmbZ1Uks1arkIOuJMn/BG4BQcOovhHD+I5mU39RgxR+nH+Pf1xELnv/Ijr/FT64ShwhdzKKhbvGLmDHEXUJtZbvkm1NzKkvcKv4Toi0XtKF7eJgCoN/W54vwS53wNeJbjiP+BFGlnJECsAq/3NP1M4hHP+DjEBbriIFDbA/Tg4LGh2y4Lvz9L+gc/485+nH0uDL+nH0ZYm9ylHRFu98R7mA3lmRuXmIiTDKWMpBfBMHGY392xTqjnk+4b0QLa9kO4BExnv1OBDzr1G/wAd4+hGuOUoOzP8D6OohKhzcuNmzXMpq6xKcrg3y2PxiZslU7/iO0jw6vd8eodxNLdn+0YtCjqFSoGY6BEz/iP0XGEcP1uX9TomLJjiaH0oJzzBgIwLKOLTazTA5rBLkzKbWI6AHCTH1FQOCbSkRt/melJz1MFWT6js78EuBQBaxQJVLpfxM40VU4iQ3AMenY4EAmBWjA8/VQNaZD6GpUcGcdTcVyfSq+ly4ymvobj9XEuWXGAu2UNCS+f5oKo0PM21feE37qq4Cx6mZoFvtMyqdxKlm+Y2g8wcr9BpjeyRf81gd/4ADZIu9H+ZDyCYPuenUrfl8rZcCvP1JUr/ABbXcU0OPrf15lzLiLL+twqIR3/hcxVeIeW4uuIziDmMvWA+4t/QvUf/AIUR/wASnGQ/GIkVbX/4a+j9Hf8AnX1IwYM3Ofpc2zP1qJ/8aCLia/zEmI/4pZPX0f8AJ/x/B/z6j/ibhH6cQ+vH+Aa+pOP8X/Mj/j/L6n0Nf/D/2gAMAwEAAgADAAAAEAyIArhie/xD5pcvpVQd90z6lbkbb7GRCnuL9IGcidyIhvbFxYHhvjqm11W4fQbnAR71su+ZQ+wAuA+ElOV17zAmgW/sR3K9PNDgnW86rUl1MdvScuo2bO8GfbxlY39IZfwQADgT9/b4AdI/oMs3zmcQQMWMbp14QqnYFAAQ1wf+tyLsM2LGQHRjG601550dh9MPWCUSJq3T1qyyXjndMDTttgEfV1hVp1sEUp6anBWSYJwnrLFAFMx9JqInhqL21I5o7ffMZNiXwt5DM9Ewf+roa8SMlhlXdMrToE3jSuCi4ITCy1bM2ixWBM7Bilel/U3w88FY4Uh3IM8V5dJ23JCozVNrnQHDGUVnCky6J10MaYja22TyRGSAAlHKbl/K1R4nqfXZCdMsvkNQ9GXznEfh1Xf8KFh8lJlI7ODAilxEpGvARv6zhPTwjhwnZ6WBXIkZQD180/Q7t7A5P9a1AiF5NpRFIjn1jsSaUGd5if3Z6wY5ZGFWCaHI4ZEF48PJnnz+TEWH2R+fz8lH6wiItxrnNkUZgUjv1yaRIkhXPyjsHRB0IX92AycEGqYvUPMGLO7uSmnPfQB+aMjYlFZV71kqGb9kammauexWdLe8/GQ0p90o0yKRZtm8cBaY8P8AQhhQgxEWGibGsI5hGdBo2amQfZmtKjJrNj/kEH2mA/TZV+UGssI78vDJHymhSZUN6hJdaIcC74o0frsp+ojd7pAyrb6/iGhIgjxe2bMa8HvVXY5FwI7CEYtGsxdqVN/gHQGDGugsGNcuDIlPPOJivJNhxEQE8O2DOYhlafZ1DwR19bozzgnlNV1X8XzLCcMam3ad6hVHdUwQtFreBisZy7KQDZSA6O69SCTG64LxygQXMARPNMOf5LmhsHn7MFzP9IoMOhAzmsw8P/qpChv7jdk7f/VF/wDITAEXV4AIIF8IYukJ1xk7f5WD4Mv3k0Ekfio5S3/wXlM6PwOlA7zhVAXF/wAfcQavWRJAIbZsRCFWV52VPj8jdvSQ2jDExuQ+Lv8AH5UjZ5nfEbwtYeIIgKEUdwCopQdcUJB3xWFjWvyld830h6fyLPENfZNH3iblUB++cGuQBDr+tv55S/uc/wD3Fle8OMICUei+67PWxRxIOICyTduIsLtxBCMpvHpEzsdyZZTbu5il1LyHLcbVr9VNuCGGCTtNhxx4PxCG3jSSy9hK0vj8KuCPJvTO2NwDZsupmQ7Y/wAVwh0OXuc/qPK9Eeqhm2N7Jr9nAjTGpISBlDmT9/vvVF5SCCeiRYSixgVAog6ZteeFhoA26/II4edEdYfWrBiVd2Ll9nfEaJEoJ5hd0/4LhO+spRyK/vwdcXPdPA3stYTl+XFP/8QAJxEBAAICAQIGAgMBAAAAAAAAAQARITFBUWFxgZGhscEQ8NHh8SD/2gAIAQMBAT8QoywIhgluJYMsOMs4GZtyxMSpkC7lTOocIT4y484qHeNcs0xhSsd4G1+EyKiG4Ib13NqqWspYlKgVDEOSoLUsMS2rircYaIE5gFbal1riG6DosZVZhyqJXJhOchAIALTBA5QoCxqlMEOmInOLVStU1bGIUxX4uXLldmVzFGutzHRGxRxKWuMW9TagrqOYgK0gwwmVh7y3bbuOFkCXS/mE3QV6wawwxaCxMdCkikN6hSjFmljrAYG5fmWhnP4Imcku8MFaEUZYcDLJFu4lzFpXErMZeuv30jBMY2tAeCKTEdFCWtbgIjaRrqBmoD3gVULOUIAgSwJomI3qWC5gQen4TiDpBCNgYodVDgWWFk6b6hUl7mMdQVdv36gMjUCZGBosqMIXiEoRJxv8WZay2J3SyLJBO2SCtTRSm1EuYQ7gVIQIbhcOIgtynQaIgQam5yyyNkqqYW48IAtygDnUyEDjMdyxxjLDvBHVJguUM4g5EIsP4MRUQBvccHCAcSyXhNCzYJjxqYVQ0IOmpYKmxzALd4gAjkl5ehy/uIGF10uYkpXXSXW6QwOI9j2lOiplMJUWZfiGpmtWpQpYq6OZkVQRAXFZdynRGoGWsoOsIaGJgyBiScCGLSF2cbhVTH3jb0048Zpld+fWZLmM2qXVGDHrD4NdTBvYhc18mWDN0Mv9ThRXmNl2pimU2mJwYTNm4NAVMKEAJLqYatBeY5b3GPGIrWVjWY4DUxuvfMa3z+3Hol8zo4w3N8TNEEBRW2bjRElkY1JyKxmRUo2MNd0CrcEB5S6cI8HYtMc2BhbS4HIwkbnGwlpQ2sB/KJcZOkWmp94u3mYF9z8RCrwlOFssQc0qWHxxFNekqF7qDk1Cm4FsablyKyY7LW2LQJUm0UKdxFxAwwuk4sodkQrMtcMpQOoZasV+MxXT1izAQzLK8JpG3ylHnMSLS0MtKZ6yAu1wOiJbpCmIbzHxDiwekTeckVyhITSzGIJFtc0YGbCYRLXsgzmC+YU0R2cJ2EBSvFQchqK7zK0blubDILBjYs23UN6ZUW4IKCIuSWcsQNShqCy5jUeyCDbjqKq/4ii7POEtkBK4ITrtaOka41UCqQKpjpUYYLfGF0UBO0siG3LmXLYiG0eiM9pa+4oxXJULXTEYK6hWO2UZZV1KpbcxLnNRLKYNTKGamHxKAzjE/WoxDF0DVdP1lygBzx4HWVFrwgYXUDbEiwK4MMAcROOIwII0HpMwI5Uz+xKXNkMBQ0JYYInEbUEWxQpKAYzKWC+YqgEO20sKUW/rCjHcB0L11oDjvEI2WtO7eYIoqoFzHW0hlpk8JQoaJR3DNLLRZR3kvscQbNElovjGpUbrOiQU2y5cOTESyXSidCwjCDRlgCUCEQ/0Icuqt9rgiaKQez0O8Ix03x5S4eW5dcuks0qUA2eIzSuYPNCagxmj7wbhXq/xEu0NLiSmw6zMaxr5f7AHtUzrO4QuA1EBncGkCYhhcyIxAjmMJLYt2GC60fA+4JIJZ46YHrmHDJlXfD4RQZG77J+kzWJwzZZ5ykDd+Es35jwXqGmd2JA1LOoXXeFLTKZRXLguaxKvwg2KqEBDyj5Qjio9FJhgKMMwJQ3iK5ZqiJ948onmhZ58kQgBLb3hwQ1RVAJjDzXEAOJHct14GoaGcH985VBTVtZa4gtsb8vCGCiG4qAw2i7r4ZdxK2wS9wWlHSMmAm9eMAaghg4wCwkzzuEkEpEpYYlpBhylEGBGALt46X3lpaavfF78Wa6Fd6zyecMRcboxZ2myI26FYrzgbINV2OTpbM8z9v8AENtZYllx+Bk1cnxPAWNKMoGInBCmMLwpKOWYQZQJZ3QJSL2e4zMhY1fDES0a6xS7x0MBYgwQrDVZlkEKKDftuU7XLhN1nyhK3jiYEu2rqYCoTV3VQDsOIbaAFdP1YWuIAUX8xVwD8ci4zAaiAhrmojQwQCgqNUNTI3LMhAxYCoI7FxHgZGvWEXmliDDWL3V1AEZeFSIMs6hYUYdxsrYNBurxMRo2Xi3pXeYgpeCC24gxMDdRceXpM2Pcl00fGCKKef8AsNoHl/cGILFVRAByeenUnnMpVTCNmfSVz6eG4gsmDyx0iVbUsQ6Z16Y97lW86ijTguabfpDHylqXFn+IaJQWovMbKFZmYbylkLEz7J0ZYWRUiKvyzA8OIgZENdFGL78ENNBOo7C6hl8Q02oDaAvSpWrRr0WJNmfxCstUNfvLDY0LrpAXRv3lgIDxxHML4xFl3v8AyWlSy/omY/vaJ2jqK0F0RliMZehNrKrfr1jgMuOvn0imSCsdLgrIgpKlpFiiFb3HWpjprO3eWIcxhTwZkIol7PeXYGs3OTB6yspus9/KIt4Jnv3iWQp0+Eoo7PiXJNtAWxq0U4COlpqsxK51yPeGm5aWKehEJGDOOfKo/fQ17dLqJjXNJlqCyWDHSKyyuNRptQwWHviKLT5iHpHjFVloFk7YmAgAkN6WZh6v6nC32yShaPmCJzwzrvOrmfmEs4W/B7doiy7lnU6wUc5lXXLc68Q4lsXwTPSAjtx3gEArvO+kL/kKG2ufqVi2VmeOZvQxpy7rjpCoyLrPWPRRng4lgwhFrUDQ0h92JYAQOZRj1QbBw6ishX2of8nEihiX6NqjoYo10hkMxPYGYQeIzvccXxARbo67QBLbAMvWLcexML0Yng0MK8cYlG3FnjGFDDcEOd9ZTyFmmEdaA8ncUWBirauNVf657RXNSYFQwZjLWkrstlCq89ekCKCiB9V4cymyPL5gO8UA8Jih0LOnWuZW7b0e1wJJiv4gKITNXKLZqEWcv2RHasN0ZIAMKEUUYIVquJWB3R+6VzCIyliuwzC8W+YttW7DuENEavWO1W7g+nJ12LpheWYJgwTvKTZ0moscTdM51bA8vhjEdAVPPAwuTZSV3+5d5k/SVo06mfUlTQNA6tR0PM2E3+M7IZZfnxcvjadOpLnhlXoJ6zBdrFNDtxGpe7O18Y1B0mUadD8RAmiG1Cq0PLXtCA8SoLaF3HN2xtzvBBmojbXPxGNBMUp8eJf29uusNXUlWZ8PWVAzpfr08oPPx9pUi8c/HnAqW3yv1MhFLVygg1iMOV/UMXrLsGDmX9hXrMNymYlWZgmLX67giyjnq1CdDmAsYBqoQZGs814TMOTtBYFVV+WZ5OiDqiWbSuGTT4QyBaNeOP7mcLPSO5mxq3p/cK5C9d7gChm99b2V4wkMC66dmFzy0W1Mti+OY1gQaGzq1BxCBY1MF+suA7hcCKlGLX6qa6X895UnjDFN9NxVBX7UMR6viIRu7IVkW+oi1GCaZ0jRPP8ASI3KyPHZ8E6rErZyzonFduYWC43e/OV9bcfzLOhDN/M0YC/1LzxVh745qCa7tPF9RiDcRuk/esBIdf8AImOmJZgLS7mEcU4PuGuHO+3+EA8yFh517biAGoNfGq51+3ElkaGOiyZk/VEF4B74iAtWxEAuyDAq4xFljkPf0zKlOS+8TiiYGWJilhGh7LDx37xgaohTcJgKC0TtMygLH6rrCNItw7G/mPf6/UNvcKuZgWoBE/eI1JSsPExz5h/MspXRUSAZCvqWkEPnMbfPQ4f6hRDJ1xC6EcLVuOsIQBKhE0ekMFI6evcEofGYgaogL+ZSszHjn9tlhI9oaZyyWkvNrtfVgVNNY8IiXF8sZbbB9qg1tErzKlg1uPItHHhLYwJUsBqv5hqH+RBp18P5lQXEVVeQ+CK3yphfL9RhrEUvF6lFC95fXMYdPWBbilRAWRWrZOkVsw3aqPfbzNI4C4UBNfuYdq5rH8txApV4cxF87ExkVDw/iApzYntiYgyYPQhYl37RAp/UULelf3Clrf77RJDL3YCPn0gsu8ALHj4l2uQeEzjxETa3qKW0IvB0jUrio0YPOXeyY66xWhmMFXmEMjGLs45gXJ8kGp7cy0i5T0jR2FQNL9qVUcVEGYl5eRXvFaZRiV/i/mKS22vaHjyfuIrUa9YWUHpHU2jKPiFnFmEETy5lFgFw5jaRGGFG5jCDRSzELvcoxZjAJKpHcSOULRBE4HPvKMK64ye8aoK81ZkiCt4KtrpKYlXQIwd2K1z4QWm1jpUIa/e8oHiQKGoC4oh8lKgR0QhZZXECMrGZEmIdkqcFa+sKoys0BNRm4lZMy51mVtnMvBmomIcTSAnhFcuFx6UBU4xOQBiKr8DmPSPF7xnPSIzStye0SegCAEUkqiP+ydZfjEogRwbdFEZK8S1RDV1ZeE6wlvNqvC5cVccVlzNA3C2vxhqUjsmDMoTr8QqR4i3cfPYAKOu0JDArRXaKBld/NfU5Bqrru67QMjEKiBPeVy+0Ngf37hxfUJ4eYXXMCrNRwmFimuk8ImJGeub9f4jVIpZWvwbYJYgj8RXOUAtgg2ErcL94AJijP1MIczna8L8h8Q5zoC9L/wBh0Npg7Z+pZNkAK4/dSyB2v0RAnYHnCAGSKiFoMXGBxm4kplrWiWUYIvdNCovFfcMjD7jq2XUupdszullwtqVMXWY8wWrfeFQ71FwcktLAXXe4OmGsO6+iYi4zB2SkWy4FXRZSiN2/RAstx1aMkgARUccS0vm42U5lhbmlUS9R+bTDE7IEVOZdbIikdylcYZ6BAGAV7wYbrMaWy1+8QTTlH3uKVbVcQaP9oabLlI23vPvHxHX7ju9sAkYr7EoC9Y6y+65qFLRrvMcizboA1GKkYCxkHOoDcUxLLlrcu9EICO+/bwlwXiAdn3M8V566+8bfyEA24d4VJRj7hY8FOA+2WUKwzMXmYUogvMByZY1TSZDcbn5KNwzBx+E7jhxDMT1nMzo3axLFpiYQai0Mt+8LBk3E8XwRl1X4xC6WsaU7/CXmNaMuDKI7ZePzZdfhRoiuCR1iUYIairhOMFmcMVFY8B0l7y0+0sCrcTJFviFkV2i7FspFTaDUGouf+L/DA/BvMrlfxE5lNxDmXRBashZpEdkF0YJyPuW5ZmDiCu5nkgRQy7/AX/1f/DuXCP4XFQUXMutQXEicpX5JZKj+Rb+X8P8Az//EACcRAQACAgIABQQDAQAAAAAAAAEAESExQVEQYXGBkaHB0fAgsfHh/9oACAECAQE/EFUqXxBywO2CXiemFsyiAZcwDUB1A7ZUagi9INwsm1ELM4pjwEAxVSxNHADmA5mg3L3ZG12SjslcqNXEphKuA5iqgQwRpglxJTFPmFZHcWnEZoagUXFBt58pUInJMS8MBSXmcFQsUxVYLctBcGGsahMtgEeUoaqNhZqWpQzTZReSmq/MfgH94lriIwbJZbUy2MJekDuDDwuEAS6RpZGutTUGD84i7FRW7CoQw3DZvRA5JqQLiYbEoJRCmI4MQFBNvn6yySHdZGaAVOjcS6T1mEP8SjMcmIV3L24opctgZjtqIzaW48MAC2IpCiaylmBRFRlhcZiLckDYc+02Gopwp+kuY+kBGZdbYxJcfCoTUC4AYOEcLZggDbKAZgpHimXWsxlKg5jLQyoSrZlLccg1URbIYwRKyEMLfg5iOIxzle/BIeF3LlWZhUcNKQKZcxjpKMcc6JWoUwwo1EZIGREWNQ+INUofJGKFsxgVNx2xLCGNmSaCfxCHhSXpcQohZBllVLKNspdwORGmQlQqmfIsoxClhzNMaa3AeVCeaYjWU9sZTcZHhihsjEyAzHKYRlKlwYsNxIXcxaGK7W4C24tkFXE1UsldTXJGi0mL1M5ORa5h+enAAgHZB7yZVwTCSrbDtUOxEnEAIwl14XiCwyqLEuaI8KajuoGahIDGrgWSEsTydErcSl0DABAmEswBmJwSjUKuCNrMW4virLhVTMMsIIZ4htMQzNcy1EKSgXHWglcgSzhhdRYaI4FQ/LAdso3ZNKagnUMq8AcyvBl+A1DwFsTiK8NeA9CIsyhvSUAhVzKO9whTth1v4ilANjuCqLMOGnrLAVL8pQMTZMkNxpDUTwz/AAGoM2YiVe6mbUSFSma3KzoRmVHkljTiGyiVo9o07/WCC1pBgL9oJZbAoCoSUytnwDYeA34GMvwPDaCEdjAmJbDAPEGaQOeZU5HX/YUlsRmNW5ssy1EYiryaI8pQ+yc1QHJiFUHKDWJgzFjH+BNrhcEFStogMmLAxZQxfker+JuJpCKG3n0iLgTEcE3oZa3B6QeZaSXWILIeXhmoy4wJUPEK3MlQ2LNiXycxkG/7RnvRrzO41r7/AFgKoCaYNuAmmQ0CFl1iUF1LMwLjqCi4IeCyq1/IhyYUOgmKcoRkOUg4LV4+uUnLKqo6CAQU1EZiVeSd3UZamDAGJWSH2Km4ircwQIqFIJrwVLh4EwhK0lUOoUVstxLjPTH3lZtM35yntPo0RmTm2VYyHgjcBi3DUuEVGIBeW5UpjhjDW0sBCFPAE4lhCF8mDlURM7g5iziXESKpMW6m5V+ZYGy49oaqLqAPFPrEuOQ02xFLEwtStUOVQba8AajeL2gUEdwNTNTF2wjuE7cwFnUO4igGVsiWQZ4qVEIBGe5eo4/5DQGOisyrUBd4jAlW8/uiWEYGLNMbiSLQmahjY6XFVbmG7h1ACoLioxaYtCUys0z/AHLC9lkYeLreI4YtuvS4aI8xKxDWYrVmk1KgaIy0PHdR623UW3EoMNS7TKLuAsxUUsC0yx3KBFOaFrz4gC1xFZQwtzAzLaKDCLSVjVL9ET7XLQoafEpoRuNAeYUnbTMMnw0wq+KjLaXiFCKlQhKRCxcGFTDFK6h1rTDlERWhlEjb59QpFXAeZAXjghLNRcm4gsWRXGr+kHDB/XxMqDdl944iAcNVMgFOeZTNqSMHlKFszUPB6eBAIGYzAL1C7C+oJdQouJMxTiVFy5hRuL5iFI8xCqFIMHFmn97jDOYdJgLgBlU/J9oJvh2dxCkU3/nMcHA/E0zxrygO3kI+ZbD4RlxXUWLXUwcYPks3BjhbEjWWhq7WAQ7yTECNE6gIrwLiYhJmWBFYat8RcZjnmaoZiIm4RpT+YEWsW8N86b+sxZOcV1m4gWTz5ZlAixt8/wCROEJsiIfIHMN1qO4Fa/2YRRANMEvAQvmC2soBGHeXzMBC7GjohGdajBPY1CbGiBUgvUHARtiptPpPIgdsYl0wVNaNzEF0n9XmPJC2usf5HhdcvF9/pVTCmcimsGPm5SEuY0tV/ssPdjWoxFrD6xaibT0yv19IIVFtwbJKVLO2EffMS9S5w+sDYygDr9Zgc35iZXiJYaCIHAp+My6UwMMXlFeIUfKZuYrxqBifiWdqCf1v5jHKLr01LySlX118Eatgt876gN6CKv1qWtID07+dTIrOIFwAG0UnpZ9I0UyvVc3LMzfBVF9vziKssvo8aKhlvn5h5XjENraOVojtdREYgil3i/SD9ojWrdxhKDis+07R7lFIC4hMQ5WEMyi+UzXHzzFWEE1FKva/j3qKaDvvuWz8v3mpcoo30W5jbbuHMjq/DCLurfRzUWRgyX5MINAq/LYvtAigeS/TPbOsOe52AEpVHB6RhRirur/uWw9y61cr+/1LAvED3GMR6fpEDFC0GIm7ZUm/aGTwlnKzWO+4FSui/mMRkvP0gQIC70jAWoUaDnzfxLpkVWw65fhAvyv7TelQuRTbxLFOivn/ACM3NMxwKMEKkoFL+IVWzB+/8jccQJBlefpLBwLxxfrFVhuEAev76zLXq/iM7Z+ZlhmQ3JfjRUYWUILAEaCuIMA7qvvCisNQRvNpSAy2Pu3CqnEo6m1EoevLHMX1K/mGID39s/a4hI5tg0vWviXp1BVm+86oiylcr1llAKLz++0Vw4nRqEIKN/mXbGeQpQLpv6xKrzP32mdQtaMA3AweYd7rModrBJ9D5+cetjdXHN3Yf+RQC5rDxEuO/wDCCqXWP+xQUz+T3vriWEcP4iJs/KBdUC58v8jbMgsDnNX7bhgbDL6TieVRn9qKwjCxZ1u5/wCR9sUX1nQywU5IQUItBomK8Q79M/Eq65VggVxNRgk5JGLkzq5AsDNCMWrGuz7kDVUQD5f1NFLBfWv3yihbMZ3GfrCVevvEoqbuaonPpiAr7KoPKNkFCDljz75myVOOGJqjhx+sraYmYJUKQ2wFhlVrcNXBMQn5BlfSHEqWaiglhmA1EcvBABK8mKX7CDDkr+ol2tysMv7qCimf3PtDBe2XIMxkVcfT7OoZ61GjnQ9NFe/cBzYzPl5a+kGNskVlNxxBctEQX2g9EyVx7IcD3AgvXgljUqgLRGGgioPcrVQFJ2fTEWU4FeoZIVSzY66gpeb0la+kz36f9jINfWAYmAMRiv7IRoXiCVl6wRa3k/SKBjaZlqxNxLBJmTkGAHER3DtmCuAXBApZMQCMMqwdyloNWmpli6IaxqXp5P8Av9ykcNS4jo/pxLCRAvUbFMsYdShBogqKvdFpUWdzDUHKBUZQwWy7lIPENoBLgxZ4BJyyg1FYIRlKGHCLZ5MdJ1KeZ7g1AADBiHCTbSlatilHcEIomIZVG9QZiRcW64+UcT2I+DCAkCMzUYcGFVRK6UK8w9mM4PMZaCtyMIJoi1AflBMx0IalZiwnnAqiXBOOXhlWEdZj2R2ZiQrSUWSxgohpUqYZjJJAqFsvESAKGbx9rlmZqrrzddQ0EFEdWQUB+sZPc5kMyt0thxHUNCVknEjuVWZpiPg3Vy7lS4gtUXqWZc3DVBd3Li8X81ELFaAvrz9Y3spryz9oYikyncWd6wkFuIQuWVqcTJuY2h5i2ll7zLt14Coy7gKCMqVEgZiQCXzKRdKQEHRP9iuLIYd19iFDy/z7yuIdCC43CAudCQWCKSuJcwWYhqOJdsEzKIF4gO4BmMdkQ3FjqXHsmkAyxcVQyy1CV3CEo0/GYyOREQpgNmpmGoFDUdCXo9zlmWazIlGoAhMMy8tRnSXKga3ElyvARL3NYgMNStiOOpRrL/cQZQS1ZjsljETTrmIocIqbhzKyblS3EDKzKhOJaajKrldwqUR8b8FqIgJfy7i0GktkS6AfBEoE34B0mGjW+HaEVEqEEi8QqAlstS0mWZmVKiQ6hpAlMLgwRxNrKF3yi1WiDdEPEFX0iU1BbE1EL1EpgDNRqmZFoC8S5w3F2l6vwYSvCiAJgggxkPOIQiD/AAyR4DMcGDEC7hlmFHELKGiBiAQ6gszNvA3AsuJGXLz/ABr+A4qO/DaLqosmXRcSFMZ//8QAJxABAQACAgICAgIDAQEBAAAAAREAITFBUWFxgZGhscEQ0fDh8SD/2gAIAQEAAT8QPkxdaOU+1g2iY30gH0RM0RdyAdx4MrW6HyxxOzXfWauISQpwzjzijOR62Hl49/GWDzImmGw9BePWMAqLJofb/eEbUC3CsUS1CoD+bgVVgtHVMS/6vOI3N+Oc7tiP3eE9SYJsbF8mLQRgqjnDCS8hVxytW7kc/H6x4Wno9oZEJaLteL/rDGrUSVdcdZzC1WoF3gOKNzCKccO6YNNMd114x6cgPZ4yjTjDS5HI0AtXNzVVGuX2+8Tlp7C+HBQkbYauXYpq2N7PL46yuAEd4KnnK5IdEVX/AJxVWqUAhyPrF0stBL9rrHaZ8lBQGfnHVJbR3B7xAAgzse/rEXOSxVhs375x0wwKcIc0saxKJ08YiQ0JdL2eDx3m6Kx6SoN99esB0MwU+jEWWE5AfPGXQO9To+cTUe8reEBBs9UGYzBAu/GCaiDqYI2oZpeMWLTyCX945RngCvzXG1I6oj7wFhHhbMOv6IhPTlE2GXCZpKf+Z8H5zb3JoJH5th95AnRTbXR/GPaEpsiE3cFooKJAPXfOV/KLkg3To5m/GLDhAgpFi86eMSB6QoF0fB/dw0kFpNQL5N8u3LyWusfImDQUczcH3hGIHZ/znJuIiDe1h4NfL8Y8RIRIrs/nOS6NgNS8Dhols9XFX+M2wtM+HY8S9YgnNUyLe4c6O8IE9zqeTzgZE5TderfHjLBNU9vz7xSGzY7fWVPHlODJhDZDRh0UmkOTBGXmPBiV2kdRcKD0McWkaPyYvf8Ajm5/huUgVoXYj1kArnAbX3w43vYOajveTvHcgUcq4ihL83CsjAYb4+fGSQwvufGSOL+QbOdfvCYAJ6CQG78pM1626ao9HhwTmgFcdsYhPEO3WzepiIjubRXDJEXgKecWiS7TA7VfPrJBUGw4yOnQ06DI0NuaD9rgFGIBV9r595YWSFmj7xV0nAu8KLHHX8/OXl+sVu8C67zZi/4LjKpEogdnm7/WbOv3hmAEFmu+u8DUKQN5AJ1o58YzRQY78GCt5TyV8Cd4rpDHSs2D4c3msQlULvz0UwdiZXZBr42Tzkjnom5r7Ks1wbcZILqETcNhXvnDtE1jwdZxmLDOj/ecrb4awwB1O1r0ejLpYAC0QPPUwvGChNcNHip94jYMkgeHIR5vziq4RJA4lSSnvtxs6BAr5oWL849gUBoX2/GNoE2GRvz5x0IhgO9cZJNPW88XDITQeD3jv2OzebuXaYndO6t2jrg3mj2weSeLl59pc2Cqcm5NuHrIQ2X/AIys85VxPvvHPIDFtFcX3ygzzjhrqlB/7kBXkEevHzjnVVB2GU1XvWKWwqnbIQVEKPpTb8ZEsSHD+v8AbEZI7JuPrFPIG9F535zVVTvR+t4WCnvV/GCpAEnifxDHWo36POcug8LIea5EAOLz85aiiGDTJqN3iNIcfGVjpCHAHowl0zFn+OcQqD0MEn8Yn+BennG0kKdn3hYM39YTk3aF4p7PrC8qgV9AII7vHGMRQdG7MWdLx1MXhApa5F/FfWKvVKQEleHshlBDSUJCV5WtsapIPV+m6GYEZBfcQL4Br5wSqN2wBgnz46xakroHhaPFwUoOA8A8f+5EFiPfrCVAUC7che/rC5Gg4U988GUkABy1XE7m1w6tgFJY+TXxgpECwLIQLTvlbjW+67sgd4/WOgRAinmVEO3GThJ4bOyL6uCqm0F6IWvl4ykIEOITzgHUgKcFd0cmBK/UXp28YQriKc7Tt946NrG4/LlU8IzzmlSE4Ao3BO6NngU6xSRqRCe32G+hzh1i0OhD5fkwuKmIeDwYDAR1wEwTR4A7HIZqkQ4P5cmLLga+cW6UUtPb5xYDSmBJggiK82Yq2RYdv1ghYgAztJ3jDO4WH2P7w3BFgCBn5+MQoilWnkvjHydA12nlnlwggVFIz1iWj9SH37wOaO3k4qwS8nb847ty3YTe8aQk0OBBptq5y3j4JDWskwlKezJCqJ+PeFfQw+5MsY28XpnnA1bgKCTd2sW+8YAIRopVflVflwirIqFhBn7YoNORQA0N+RPL4wJfIbb7BxQOXlMQjOCEECEmgG+XHvHBAPv+zr4xgSShtoX3dfAGThAIqpuDx5XCiEIKaC+HrAwYoQwn9ZzJ0pcch2PUwBaYdP1o4XgMFcuFpUcE3L2dZF4ydIOU4vi9YHJwkeLYc15fRhE67IHEJwBLs9Zd3S73ybQtla85oOscvXsXxvH2Bog9gef4Ys/2323z5yw0JR0/7YGeijh7wCyIsVp24NnG8V4I+pWk7GH85zduioZch8F5xpAfFxWKniiOI8Fv3m3bBNpYAe3OpUc2nL4OHoyLzom0GBfGsSGS94PPkuaypBZz6+MMsgF7bw6wdC/y5LHq7pHWMa2GwqfFzVhRdtYcVJYbLwesQNuuX433ikhH3BY69m8WhukTPvrEuhdmN+OnAh5MBCHrEnRk44PUxICl7XFrseesMCkeN5odvNzoFm2ZyBCeIzD9AhkKq52cZpDtrJCBvYHX/mCYd7mGrWg3Zx/3rLdVLfa3EYQkNgga87863jgSBgKBDdYOu9TK0VCxEPh/ORgUJlRF9QQ32e8bJ7CBj6RqHiYEHlRW2h9YrhIpSx/9N5ObGlXwJ4uKCd3Cizj0GVtQBNo8v6xlWAlpPPxq4pdRinjV5PGOt3DcXkrx7wlj1LfpefeLcjENjwd/GXWTzEdqulO/eG6YRFHY2cvPjB8XNsUo8kPR9uUa6pCGzgaouNmHTCWRupMowgtR4fX+zGYM4eycvxg3etoU3eLw78Yhy4uVHOn9YyY3fR6mcajtxXHk5xUswJzcqPq5pTg8zB3UgFMd8pNHnPPcDpZ35wLEpWedtnHxiCsRvlv+sbgzYUz6MChXImj5yUE0ujFNsOnWAOINybGDUUDFx/7i06qnS4cgngDDN9Q6Jlf94yonqvS5yxuryf8AWJYQ/l394/td17fzk6odWefGaGiMnZlxKOJ68Y0GOw6qdZGdFaKOAHmfgwASQWI7Byy5ci7wK3rNihTsNCeMobBxTrGqkBuib0H3nJCldc3FMCazvTxr5/rJAjqTUKrgNF7wDy0102Jp7LkiHhAipnsNJlwGydvJ+d76xE5GmpkHbq31rAq4eonSDvj94nF6AB28x5/jOAGTkCfrnAeQROF/XjG8wEyODfaOt4g+mAFLvfP1i+TWCegc4PWsSlVCLaz5WZseZAnS+J65cLwaMmGlH1ge0Aahp7rtJrG2dJpH2HCHPOV6UYaY7Hc6P5zWFYWywW4eojEVMztdoc7MFXHQryyvR6MaCOGoCnOLv5Ygj5REPaN3xMeTFWF35Yzc5NHeusf62y9BHZjRr6Qs5S95sqpFKz0Hvph7Twm3NP0L+ctIDcXzF3xxeMK6NCL+MlbE0NwdkBnmPOsoQ7zU1lIVLxDnGWikVHr5wXgyaHBCDnVmycYNZ01Db2ePnC9gcLz5l/rFjd7A0Y0reVm7j3RB2mR3zKipo8e8GkUDrS6/jHwSm+O5fOShQmM0dM8TFEAWCTB66Cb7wi5AacB6wJhtl6GBgFxpmki8uMsYax4jvnJFC7PzggSRTjG3lAdtLXve3J/RTJZQcOiXCXNMaTUHep+cDt3zgCuyJHrnECQ9AIN36UT5vnEibbN3Cu+iE+8tB+0A2V5+MJ0rTsieDXxvBaHlFnvG8Eb6TfBlwBUbQ5QPmZI2EPSm7ebP95d1kaE9na7xlRcZFdA2Hx4y70FyX2rTl8uEpLd1+RCplhE4THR5Q3h70iGwA4OHFCtnF58J6yw+w2gP7cTz47TiDejXy4bMD0WlStQYLV6pzyoH0uA0uWAbE69K3CCEzRMmiHWu8YaWHH/F6D4yDGHmEBrPTrFIEgiu9/254pWNGR4f/MuXOTs/6YJhCIesWT435xjhAcy7x9JfPNwgdxpJ+sSUe/Z8YVZUQnLkEsiaHjLCBtonWNd2/POK40N4BTQgpdnCuXovz77+sRuHb5PGIAiyG47fvCNa+ToLqYLaCGr+sUIi6TonOJ86SNM/vKQDouBST+M0AyyP6wwQWUIc84XS673gUrxgEVPLziC1eYO8VvNBFO8FRJCA+Qp4wa0heeblHozxXskeBUdbwijXDYbJ/Ae3DHLQFK2vw+MSqu81heIYedmHIy3sVN4T8m/OJrB7jqU8k0vamblKZOQ5edk/BjzRSgQXl+PWOQoVM0ybeiPGIpycWf7cKMOp2fLjBQCX41u04nrDPx2DabKFh187wMBrcuqWK9Y6GLs1zdq+sqbIr6REUX3hAWWoOmQCB3iz6Jm9utzncmsH5U0J8DW33mzdZni2a65yOC2LyAH2D6wQHjELqnYtb3v3i4kXF3nYp0txZAym7yLMEApejBFsPmma7A78spUPYTCFAUEB60f1gioAB5B8axI5C84tqDwV9ZU8HYMftkAH1ke483r/AHjyorz5zTJwc94plHc7A/jNYBZoO8cA1OQ5uLZs2eX5w0LaVbfPvDaBePjFRqLvEQuugc4FqUF095o3UlHyZ4ybcLE461kjCQUbHJIxQtaXg96x66L4JfHXnEtCDfI4zSWuFB/1lYoJ3GNHq3x1PWA0Hh8XGhsO8Z2OucDFfzki+NtxgBLkBoT+s+T9OqzJFQZkM3XNXS+MU2NMItQ+CHfLJW8CxXUS8N1N54HQoSA4RKnIuNM08HHXhNo9rlDHCtBopXLqmGAdUaGpxrQj6SYCsE0UhtrxcJ+gADrv56yHD/UYzR2nUyCBtLy8MwHCOvPs/edqYDkuvAOyfGE8wjUdBtV6azlB0nUiXFfoPvCs3KXjpNDnvjAS0AKnBA1YQj5bxhx+uX0OKwHlnnFYREJTaGdyAvnN1DVlj4FdER53i55bVQ8NYQeUW+MO59xKa+h5PNMZmGeKpzwaY8WYZEZ6K6UO5l+I1rh2i9F9TGAIi7wgbX723OcYCWJ7TCfYbwACKFA8sxADoZtoAEmAUrg8gAZocgFKSp7+M2g2MDdfnOILOsBFKu/3jsUk4Gn7wrtHFaPOWrZwJ1795KLhpe3O4vHvFjhOV4wiJt1XjEuhDl84dSmGcjcKAn1YQncdci4z3YJJ/wA4osSD5PeSy8ADj3iMtB24/ODsr4JBfWbEBaQUfHvGiqgET7veHXmhIPC8Jjnn4D0zlPVw7ZemtaxHCPMwzVRIh1RHGJuadBtx6y2g79KK1fCPpgdYHWJpl0BkFpVCEAOwfkGAZQSqYh1L5+8Nej1QiPjg/OFTcDCF2DsnfPPly5MG4dWoPA7d4KJvR3afnvWOs/gKlHQHbm5hQc2+H28+sBrFpwHg83B0twtW3yd/1hEhA5j0+APnxMjdVhMUHfHBfGBpesy8cvru5Qw3EhRU15KLX1hm61wpVfBeO57yaf4GrtdqtW7ZidJCfyadpOKTCOWif91klI3t0TXkr+c4Gm2g3yKPmYpzx0DUegqGOTCQiBbpOrJ9MdEZlxwJUvHbnDdRDEGJ9TGjYLocRlcDkX1iRo8MenuZq2YltOOf3gUiiYv6EmMPfxiKo3RtEwBYCWaYRA+LjGF9ePWUmEPPkxqMYce8SbAJ7xmthExF16TsveBD2orw8+8SGiNLw+8DBV3Q6w22123AwmmgN/biVEj0FX0Yk50V39+8HZoUOJ7uP6EgqM7sIhoDxgz6vsfjHQAhN9auABgBJDeGJHdlZ4N9ZqbRZ6uQ83jUxmgIQpZ7PecstvDf37xafK52QgfB+ByD2/tCV9zfy7yuBIKON50An3ikHSULth4Dl8/GJIEQTEIlm/8AjAEoCNSI/G+fjFTnPZVeUnaEdazdqFZTbT0MP5ygiFBSBW+hE+8EYalcx0Dx35c3Z0AsZy896x5OGxWFNj+GHuUJacwvm+uMSQRTEJeO7ij5ggJnV4fPzjJnA7sdHKQvrLxBRpAF4VH3nBeA2pU8Q0mNQcUFTQNsQ094tUDXscNAdlesUm4cjCHwhx38GPjUl26FcqXfTN3hxO5vCHct8ZNoAfAlPAC6nCiukBMWy+TgLjSTBCSNAL0OiYb6HjjeCzK4HGZQi3LvHazIH4ZxjGnLGlfOHbDCQYN0Sj+MgU03vie8JBQrDJIaTllC58MPF34uQibvWDEF4MHtA6uFmw4rqOKhFvRoMtA5drjSMAVuXC1884JSIa1xioI10/NMg1S61zz4xyVKuCbGUduDDSSNHe8UDUF5lw4cj4gQkne44dTWnpF/rANICETjzgy0DXvNbnQciujO7D2O27c7HvQHE86XBzN8YfUVgEOy97eesAwrbyZC+Dj3i6hAE36AA7m3b1ijuyFGFeo1U/B1gsBsEjr5Ps5wvIn5DG/LuGNxAxSa/aGvjIwzBFiKnKQQO9uNFskczuN8Jz9ZKKYsJ6/XP3lEKUc8tHfoxReG9C941FsnNVMSImMvmD/HnEO5lOn1XA+8DS+woNlfme5kXXYVY3m4OwuAuElh0CKUWzV0+MbgjahxQ03yOOCPaj7f6wgJQrxbCdDKeCax0bImB8oHoG3J0LozIWfnJXxaIfCcZftFck/knEx+ai+Gcr5/0YUyqSwWeIf7xMSgE2PKcYEvFHj5xQULiaL84bsUT+MVQAKtNeJkpHgnh9mDlRXjmcXNsHBlF4PfrFWErseX2/1gtHjGFSe8UdHbziB8KOZ6waqqw5xSpRjXeCluVNaA/vK/aaa5yV1OTF03lXr/ANw+6ylZgcCgh8ecHD0XSCxpj2TnDALka5wBgCJs+vvDtBXwnf6wKb7AGw6Z4xRxTVwX+8kQpOg3vXX/ALm1I4uisZyXZ9Gczwx7mEwrm1Qt/MLMMNiy7XpoVfnWIwlqTdwJykEjrdwTkI8Q2KeHgc6uPy0oEQp6BuvOsALLCYzgjlMrXcjsiqeXB8OISBFQoSX53PRjOF8Tccom/bzjj1eNgV4vV285t+qR3Ls+q/Oam3dDBxHHif8AuSCPuQ1qOl294w/LB7nL8bwC6NNc+Ewl2lQR5Q38D84d1G5eBI4+scB9/wAUVfzlDQhsb0B4Gt7wF401VEJQJ453iBFCyPhYc48ZqAUk8uGA0rAbPa+e9d3Byg6ZJ3juat0Bf+ecoy+ruPl2vrDJxAgDn4XR8Zf7w43mq7XXxjmVvil2fGb+QLkgp5jz+cOnGMO6VLxs4xwcnNhliclSwwhIRS2Hp/3gw84Lr4ZikL8tnbvEWar9DV/eakXFUBRO8adL84JQxwFo49OVDecGkXvX3lFNSTEMOm1PGaiTp8ZYdzsPj/ea3vJ1esjvAI5eQrWtKZZC3QfeGWiIHge8s3kSJXvNyqGjI+vWc0xihL2PWBqbM2/Lb+cq0au8n1h1QcCvkVO2GKKo73/4yJhEBGRGlN6VDSb5yLVvCqGuYqqy+POMJXgLN7V1Qk8+XDQq3bzsN9qr4xXJCRU1+zQPB7xypdEJD3xW3MMHHFaAIjedr+shoBVlOx5kONcmePHFIdu1r44+XGkD0IU0D3p+uMAmh0A9qvr4w5ehANNkenz+MYnBsZE4HxvFrdUKQ0fHjWcJiiDHw+cQghpeMP5ciEofCCcE175xXu6no/IR5MZGNObYicckM1GK6RoT5Z9feXNSuifN6xy5ce+4/OEzEvgDJckF5iSO+8JkXd/B6fM/OaaSRH4PA+q4yIhXkzvkcAhDwhjtQc11ravr+83jzBouoe+R9XBCTbkiv0w/Gb6iM4hjh2kiYDhlwkUdVdh/ZjD/AHU6iDe/6ypSOKt9bwBFw2RSqcmJquZQFyCignlxPZomfOLl8IwfWWjBfsvWUaA6l8rml2pw9nWAdAnOc2PZnQXudDkwE4339+8EolinD8eM1J5PHjtfXvC083od5FCoDx0dfGdyqYnZuBE1BZyvLA2dEBtPOLFJeRzvJ5SlKbb3kWhYKbZr7a/GOTEFTzN4qy1ZGEdyc28pvjEZQo2wgVpXNJu4bV0hAC0oIq1drLvNHxySs3K11X24e0+egFSm6PskM46WghfofBk60e8UpBWqSniLKveVYOpIpSd6Q7fxjaiAUQfYK9Bv3h6vbBsvL+uMYWXSqB6+sqxxHNai/Ph5WaDDJYYqkX8daxqKsSIvQdfPguHwrSDQ5lcNQU13DgCae8Mz5X0Nd+gzfUJpQ6Dw8dlHLutzIg7WmO5bkiNKqUlN4VfkwkiwA+Bm/XwOANxIcTxrDRKLEctN+d6xKFu09Pqa2rwYTThcofZ9sSxDNJG9HVxRX0Vm/wCcaSJTbwjO49GDim1eRp5XcuvvIUiRuUke4vxg8VVs5W93nCA5YwJ8+/GBQ1vOU+MTDL0m8YgNGy9dTEJWTbiZduZwvCnRjoEOVb9zG5pqW/s3idVIUr2vT8ecUISnVxjp0Lq4hXYnHnEwa4rxg2ntMWgXwdYcmS6e8GJwVrpfnIkESD+Mbq0Oub33hFxkLpfGb/Fqm1cPADeToQw5M7oHXRlUu2FpeT94AWA+h9uWANIC13+cAYBNJx7b4yjBoJrOKhmnIVmrE4+MmmpHQICdr4OLiloiFpvcJHLWjWanKihKCh4GzApcKlbTRdVR841pGjBit8GJt0SIgAUnARiYC1soIH2i7xoRQLA7vh0AO+fORwFdF4Na7nOTpbtCBzjVSJYTdTohMeA+RBZ673rEcaCRjCuOD02vxcaOgjkbwc5+FmyZ8pjyoFDHwt/GM9EFm25rLxhmwVbdJyenGxWNWJafCajgILZ6t586yAJKOg7b184+RVkJ7NvjIs0TaDPhcE1Uu1Vxgc5PR6PORSQ270v941SHUB/5gILK66nwvGKCVtc4hgw9PXvNKAN5acQ4wcShoagXwqc/7xji/j0K/Zk2hiuq9D17wORQVpfrGwIVFw7XD3AJBu81Z/FmIK17uk95FAAcfWBROkM1LPKY0A12pjRKb3vJCc+8bCFqpxk0NMBefbFDQO0NuMBHubcNDyCvK9GO0kdCVf6wRkpON1wIiXpTuId6wAooOgvV8wy9DapCeQcmDEtqtJoDiZKo5AhrT5+cMhKBMFFX4c8M/bC2pSRAZA4AUryd5TXGJrCXg3oaDbvFhL4C043yn8OMMKxgI4qzuT41jTBU9Nhz1yP1jjh7QpI3fkwgi49nCC+FWcaMjkD3a7F9BJr8YTNZ1cNvP/bxkKqOkps/GMrhap+NH53gx9CBvb+9uMTXRrNP6HRhH0g2bM16XNM2d/Ko4IvXUw9YmAGDR1u1YuDgbQVDy1160GLWKsTB0ePLlQB6PSOpi41aepIeRs6nGEWcgFJ/8y+NIyAC6tOeZtyOSANdXjecqJSHdOxfy5H50gYf0esARSlRW1XFOP8ANyIwOTK2vs4QfMschJN/OIVO8Ioa/PvLDSe7lEfYfcckVKcnAavj+8AgropAa7c0SQ25voMQNAPUrLMmQIHvEEBfwTA0QLTy43tKzNb0CNcPl+MIkafGVASb9+sIaU/GDS041xjrIgxEge2KBeS8YgXC6Iz7y/8AY6+cAeADby4wgAlgDoHy/fOCY4ZJG093X0YyKYF5CWH4yziiysH124bKnSG78/WAMqCSOUxCQ6PA0nHQTDqNM05ZKW0hAPIWvvFotVgiI1s4XfNw1EtVt8vB4cVOqQFwbXzz/wC5UnbTsd7ovPWLw2JMPB1pmPUEQqChb53edVyQICJSPOepD24AlAbDTtP+3igpFWga/dxwoGiivxxhGFZL73OZ1dLMjENDU27fF+2+MCJ8lGziz30d4DtbTIs0/E0HtwWllVME8mtZWvSSA2EHe3I+yyIhnLTHFy0satHgw6f5wLiAm2x2N945U6LAAw2rToxleqTq4DwYlNROqU2U73jdc4VjiEDptxcgJxvj5yGSzSO8oEGTfOCcOMWSSFH0ZfcR19ty+jJd6hjOU8PflcV93L2IP9YDI1tz4Bl3xl2gLO9R1x/GWAjDyp184KnXAeAPR5xtt1gkDTTw94wgNPMuApIxHy9envvA2ISLiJpf+c4xgsMpeA/vIBj7w7QUvjePSvacOGKfg4zkgqEYY6mIOV8GbE9q8B/rB5Qh5AGnmv5ZqAC+uDrFA1FyNfjGgZAw4Zie28AB284uRDgSR/nKq6irBZ+CfOe6juN4haQL2Dc9awEiVMCxHfPod+MiRiUEqtHgga+XLhanLs7A2bOu2ODoINtoR144xB0uiRR3xeX67w0pEh0DC8vNTzgfkInyC2dSTzvEC2BWkXowzCy2L5O/LxlwC8h2dE1ZvEQy2igfF+OcUHF4rwmTi9axmpeITnF5UMdfzIPpgPEqNrzxudHjI76Kr6tePjjEQ9q0J03rGL0NlJ5vH0YwxAQWnAGvnB7DouQ5fc0fI5aBPvjN+PjrEHY/9HAq1DVY7g8iKYpiB5eRQC+I4eFKAV/bhEI1Er6DDBBCI0eT8OFtvmBdh1HyYYbRaVbqHRMV2AmoED4ypoFESDypOAvvOamKQ7ZA5mFiKqNeeesRORC9QBwXoMIt2PjhgXB2he0xHcQrNq+8QunQT5ygF3hC7k7mOnCH7xyE44x3Z6BwZdUiqD5wim0b7d4xw3TXDPGcDCc7TGi2dX3gvEK593HF0qpx7xAIGfpe8GleXtxLlOjwHRlYAUQ4R1r5zVmONMRpnmYWWLMRRf8AjcckCBrZcSOATZjA517wiAFYaC9R+HjEO4CBFqAb15fjBOj6FKNeAzXLi1YMAVeh7lXFIN6Lk0oPPzhqEo7CaqPbce01gJ8fw38GMANnOac776uGfQkrqJw3v3lmB2ddvJgjk2B308W8/OCAomLKQ6nT2t3lWiUWoGhe2IvjXnEpjj2iBRTDKyF1AV5Obxg7nRU3PlyJLXQj+M0HorSfvLuDB1Pb94ihtikl/jeAdaX0Gxb9OCqUFDUCH55w0rYZU0V2DYnOUL0q0kDm67w6RIhNPud4VI4Ipp4+MmhOTx848CCnwQp+8iOitjJmopthOIIpowD8SOHoeDG9iu8faPD946ZnQSVZfHb9Y/YsrFwzT35lHlHszTxrCIN/cMvcdFf1galhBZ/xi0VoPf8AXWUlSpwODHUMCyplnkcUTZdYQODwcZsEnf8A9wkdP9YFLqWa7xsGk1vFiR0vNxZJvAW/eFIH13iwMPllC+kZOvGVvM243+MabFF0t/H+8lONE6prX1haQ1mobHnsyYxGXd2H4wZAhY3bBodWlpiuu993lxsff1kNqcgTglXF5VraFodCuCsbgJ2BDy+DBZsIw4nsIKpyGaWVTSBbOhdnSmKFEeFKdPlVwKRRNHY6HJDnzMo10ugV+cPNh+3195YiAq7SMP8AvWGrYG19AsNOfORgHqaBqF0HB/GPDARe9Z9frNe5KCZV/wCcTCABGoPOwLpiPxgk6B0yuD5O8JJBQBrODle/vJieBtX4Oj24QhUnRUsatJ5ph/YrC9FXcbPa4GNjwCdwPBNGIs0LUtEcXXjHgT2FPC3t2v8ArBCChKvu++NZRwJtb6jTfnE7Qronb8DdYW+IjSeNcq+sjqlvl7fnx1lB3aJ/bgQdON3F6gxiK+MTUVOgpQOvjCehRUyXAToHPnEYlEKFTQ9axwHZDQ9AwQU7NM242KonGk94Cgba5bAA4wbWr1gldhwOCAGPuZ2AfWCyavrKpBB+MlSQ+zN6Qv7w3U58OPol7d5RTT3iuxKov/fGUErWPuZt1ag7Ty+cc7lpeMDceKm5rmZA8UZwVTtXWOpb38KfrJ/iqTjDvK2/HlDtXmHWOWbqCzyevL7xJ9oGLbk/vKQhAgFHt4drhgp9tHl2LsBowF6lbslTXPS4CVJS3BKTwcXtuSXCCK+Qh9YxkpYMCHWbvkgge9v7xQ4Q9AiXQa5Wc4uGnJjAltpCzrN0yi08u0FdL66xC6ENbuE0uinT1ozmwuQDUGh1yvmYvZ9C2yIF29fOBh1PQOXCBLMIVqIeOOO8ZZQ1YLoUGH4xig+UVHB+HGb+SKZI3jsDkxuwzTKHQ3q4O62gYzTtoW6wZjvTR7mzD/rUD4DYt+8Y0hg2nQa0vb8411qEAZNfOGISpjuf+YQ7mIEuveBOwYBoHf3hjCnjhuCkJzOchMlwHfF/jIxAbLlqjXjhl0UtubG1x4oPJcfWJcg+xgox5ux7wDKNAH8MM8HKgZtJZ7MIEDxWNQjHzTNE1z3gc+J4/WAkGnrCpYrsmFqp8MAeC4OAE7HEs1elzWeBw7zYaB1OcHTW3esYDXXHl84BhTt0p/7iSoT4FR15wGiXU5Xleuc5QVt15/OQxLFUz2dXuO5ioVh3jcqf295KjARasHPemTFpAOYNEc0yGu+8kdXaRUqe756MCwoBxxofoxa4sCuLPvvZ5xGIAgk4AHEwhd8Nqw8p1rrBNmElseIbWefNzUcnmoop8AWuW/sUJrt0V41QrmrEUhUdHG+ANwzVUoCdbr9BvjXvNkOkN1/LJDS7ctXPU51NJ/8AcWc95weimfWcQ7E2NSeCMOLhMGO3atGh8erjXgBBUUn5mSWbskHh99+sEBUQ6d7MuHO/R+Qi4KJcGv3gERT2Wsmjt9ZTIDoSheVY/ZiHEKdxf7zXBAchvBkqxZqM3my0RKnvrEQsb2YUA64ksqjwiZOLX4mD2hKAcYtJSs4Ey7NLXVfzhgsCXsnlysZRiXgyTY3iG87sXvlcM6E0JhtAR247RzlyhnHAYLXkJ6Y5+VuJsEbpxDIVx0WHi84g1vt7zfI1xMCgqD+chJTR18/jAjBlUh6xWicZvPjDy4ERE4des56oC707cEBsIGuiezFvie6uzEBCcirVHBw+sKSMK0pivwa2d5UU4ErHhv0HtcEZoYynk/X6yvHJCvO4A/OEgIkelxvQVusKSU4uw/5wEbZ6SAU9vP3hgekXYbHQU08IvOSilqVkEdO9+ExEzAPMAdiBqDv4xCI9qBHQPBKgYk24pdmb8An3LkY0GgEK/DNPGWJCrWq+vQ7e8dRmqNed/wC8SRTpcvnnnHhDCC/I7YGNQyMAvLq4IIEPgCX04FD2lUCP2OJgJRuuqd+d4WeHrH0DA2kOFb4WGO/gqOJU+vLnMmYAmof9wZVBBIndVD1e/OsPDL6Nda8vjK/WUt8mv+1gMXIwdQ8YbOptF4w0IDmGsNa/KEyiBwU2BM44i6ezxkpNL8YzvLYhyecCxIbvfPhgEloLxnBeWOj7weWhTn6P/mTkp0BHnlz0Jd7uQCCv4hj0B7LgAU0P6GPuovy4EEGDxiBiPh8YszfnjF06a1hQCJpy5lFv7HF8BBrAi7BdjXGskBo4yfjHhPARXfT/ALvOJSwNfz41iwqUmIefWOUoUdKfOKgX5FQFPCr9bwQvWGQpJ8fvWH52ydlfPvBhSE09EoLu9eMHzRBkP4DN+rhHo8gbEb4G/jBgnaFaWDmP7zW0iATZ25a35mNACFBjNOZatsnGNM1qIhoJ006dp6uFkXlYEI1A4NaMK4j5qG0cIHbKuXUGGEQiTWxqJMgsUHDlpPI5r4N5GtoXilBwOqyH1m7BIEgUGcdv1kTZZbEnmYheK0aczjreVfk1CLegIJ74zlwzhR+CWvCescUruE5PqHfvHkRwXzt0zmPq41KQU0+tc6vrDzr2mhoEIP5wqd1utKrdUB0c9uTMbDDpB4n13mwPBoeA9vowvLIiGn+3BmpgkZu3z59Yc7NB09YAK7D2QFCnnAA5nQ3+MmwQg253decbbqumAyjz/wC5cEU2vGBmJWDYeieMEROVsgh43/DGAvz5nrDhSLQOM7oa664wdw8l5cUoCKca/wC4yLEIrvNAS725oryzVr0T+8GRy+P6yqp5OBNjrnCUBJfXrGQHPLILMjpzYrs7zTpqBzgwpHvox1KCh0LziAzRXR5bcSYBGG9kdGucpVAaA3V/vE6iohfS+MuBobvx84COFAAhdux4dZb+nGJG79c8cucp94NeNdUzjsOjl0HTPD28ZAmqXaZ0vw2w5dYockB5I9CTb46rsdwgFA5APPl3C94I1StRXtnP3imUYHbHA89fFx+LgzxwByTb1OMGjQKRaZ2qlaPHnK1lD7xRR0u537xqYgSoBwamxxrxl5wnQfsi8OnyuGm+r5LtHG2xxDA1TKcAWeUYMkYpo1y3IMB7lBaC+f8AWKeCexhPlIfZhIZkxC5BYaZIuW+jyBI8CAZ/vHZhd2w1eFuv+8VQ1CkA+g3wazZT1ATEa6v3dYLO5WCCHhfjWEg4asJqAYPbfIdi/GMbBHOvw9Yv5EPyQICe8j84/CN7N+3G5dqeV4zc5eFlsUpHw953W8WM7fow1ouzr2+sQTZAFE0tMMFKheauKhiNV+fGAoQcS0cXrOCAA1J6MT4Q0co9nDoDG3cLX5OUj6Q8Yw0lQ9XCoKojhDVylaId9n/XAeQgH8uJIadxeDHGJVfzlmi6Nmi4hZyXGvPaYILOBcGCIGmzezBgZSg3/wA4HBEhSx7TE05AvA0H84AhFVvW7DJGDxTr7wYAIbBZb6+vScoHbgcufJDr8usind27/wBusFwQwRlAQF+Mm9YpYCdzn+GIUI0l29ceO8OkqgZVy/6M3RhoAa8l9ZFiChobWNRbPZlTyQoigmg4DwH1lXq4gpCnEHNWXFYlEUDP4cT3iYaJRHy/f8Y5nNoCvXtwwS9sMoD4NT6xKagkUPROJlzBrgTnXn7xnF5hboDhitb4IIHnDRn8s0hxXfnFPA1lrz7c9SN8phxMUll2PVhzFV/lMZPe014S5vYQ+cWqvAyCQXVdYFA4UD/nOGsA4PtwiwnIv4MCkUbp0+f4xYSgMTrIkWFLIeMU3rdDYGRLkvgORUl0aOgPLjNgB0DyXwGM7RwI48vvHjYlYxRuq2j1hW50ln5xGsYVIezx1htvPO76wBvJT/5i23b4POCuYWdMWAPwZH1nLN4ROxQB+3OIi8O3Th23dt9YIIlByc5Radr+MI4AIh6mCBcjSecaICjgwZjanwOWe88c9E13jOMn74wpG4Q86xgkigsDn+cczYWznBQBJOxXgb2fjAdeaNwWl64/jeAeRkiA7fHHebaAup4H4O7PvNnnsMNcAePK+cTO6hfzcOC8QBvfhsv1vFkIlIYvhAarR86xg09T7efvlbfxg6RObE34BqDau+sbPQAmh8gbeXXgwIUNAbJrjz1cUgRatIeL1/5gHUmxPleu2+8GswULBtLwLwY4AHoH5X9YHcKBf/PxgbRvQ3hPpzOQ0frnxhjUmqeS2V9/WEBi2jG1TgBduHxIoeH9V5fbkAQFXrBUDyyz0r/xhyC6UeB8YoCVYn84ArDrDef9YDAKTdU9uJFovo/GE1CNR/g5c5BjRKfeOhIXs6ypatQQhqZRBM05A/jDUAS264/J1/rFTQ8HBkDUGkvOQgWDpGwcJQFo77x5WyRPjGdUQPl7xg0vCdDFY5Op5wlWnnfrFEd7PnOjr0ZtVUV9pngb17wGEfLnKRyEcFQNznDIQ0R97whjmq8gNhixLIN8hN+sTYhEL1kOVASa5OJeiFG29/rHBxJTfg4fxHfrO4iuBtsbwMPj7wiRLVNCj3XWcygwnpPpt19YvKDQj5P+sbGDbyez6N5WlRFeTyHXnKV5ZMOFLxv88ZeAbs0r17B1tZwZAI/BNGq9zvLBCqaDdf8AvGSHvEj4vPb+M0obAFA7fe++MHgXgHGu6/y6MJN8oaX57/jGszsNa52/9xjvYjd3rPP2qx1ljPIma/AT23UYJjVQuxxlh7dtdke4fvN3RXx/WHYW7AzmoBoDv5zxV55pinEfZ6MMLOw/2wh8dEFHvBtcm2jBERDn/njNVIVW9/7wJzauxByyivlHgPjBG260CnQP84WmL2V4J6OsO7Qh0yNU+bgndIuOMbt4MqkQdc/eesOwW+k6wgJE3fFnRu3Kbhmwr8YYORWO9+z4MMhTvSH5xdFOwmsTV1TR27wcHjJi8J+8FMYcM3wWZs1fG3nAFSuB5wYu+Hsx4rwojrjHEa1rxpD8twZhVaccY8gQNyTdy1Q1F2bX+sSg+FnNHrJNxBNMIyAo34YCkCJbsuv/AHDF1qb2bFvrjIQro0vS+L/WJCU0bTlPxcegEIsDsnvFhYUtCzltey8/GEBm4SBVrpNb36MpWZG4QFd67Xm9Y8Ab5Ii9Xi+DNBiFFR2zUvB67xsiBB8OAHl5fozT4A6B24HIgaFOvhes2QY6HgPjBkOAKlo+MK8WoJv79GShN1tP6zijiHkHR5us+VkJQwfi5eSocIPxhCVEg8SH9mBFQCm1/wBfeLIZl6HrHkRSEW3Vx6Tsh9H5whMCaG/UwMl43Edh24xyO+85XB/5hsnkO3F9FnVYujQa8GM2J5q8ZWVGHsefjWUBAKlqbTxk3mF5oqvyYVcEXTwX5ySBlFUBNtFXc6xI5uRCEE2p+8VCCLdaJxjwAKh0GOJJvVQesHPCHmx/R7xLaPbB8BjmA5EdHK48xtlxb/vvBedYhVb8+sK2gAskJgplpMklLKhi4acidZRR7epgYYS2u1ecgxAdim8U8+gO08dYmJwiN6l4+cAqhGC9Hj4ytAwb0+vvKkjcMVgj2HK71ScEe/d84DvgRGEg8uoGPYnMqZwb0GIL1yN/J8/GGUcqhqhfKHiAHMx0RjBLNoPTTtQt4wlYK8m2uO+R+QxBJoJPlLwLonUhjTtqw0HR+3NAAkm0N1+8vakbkPvr5xJ5xQtb1fzv7xQg7usfKjkUaMBB6G4OOuEcuvWFpbDWF1Xl+8YepPk9Q72/eGAi3OR3+HxXHmQgrcVQEgHVar8rj6HYK+ciXgBMWJp2I2Y/FJrV/DkiqWNH3gWLc0vzh0EQ5jbm6iVI9yYlyjRy+MYFdKKXvExeyoHjDkJzwejFqQ4P0wyNdkSuHvIBEJaVeV4MFWlVod49SFXjUzUqzudZqdi+zIJpT4D/ALrL5Sb0q+eZ5+MZaoDQOA+IfrAdiUHrgX5EXBTDZrog7wwAd7rvLKLnvXs94F0BOU5c0F8d5Lw1wvrCWY6HPvYesIJsYpdYocFJsswVJaC8Xgw1WRaUqOXzvBPEaDgXrHUjJujHjAhCu97ZPwdg5M1bquqNPgWh7HCuagnFeScV7ATF4HyG8jD3YTTUF2/+8YsqVlmoC+Dqvbxg9lof/ovj1hzIAhAoTmpdc8YOcCQ8U5/046luaieq+WfzlARsvaHrGSWBcLy+ucADjSBOp+usaLNHmu3DkE1AAo4b0YnDX+/WE5neQfB+8ZdDJwss7848SQC9x2v6zVnMjywtlX5CpkFW10OKzm6m1+XNSFsOVcnje4FXJ5o4DuYBhwAVXE8xxXEYfC5Wgg7fLl45UR1vFji0ZW3w5Y+MHyvGLLY7EHbhGirl884qoyQonr0HlxYlsDgNQefeaghInTe9ecWgOt6ecrSEZp3/APM2jRGPGJy2CHfRlISnK75HxblQpy0ZoHtgDUP4zoaavb4PrAAmKroHm5zuxrknf3mlW3Ho5/ONotS4WtGpzhQXSV+MJA3w76x2U+DnFpQpVwjixJNg1T/3N+QKv/DESxgB3z1idjaoeV3nPuHljgpIN6N6/jBalIJFAzuKkxCxe+xPM41MKDBIn8T8YEvcNIWnHWr7byYiVXUD1CGgAQ4wwChh3STim3484jwJPeInnRvo+c3zeoBIDXR+3L3JU+Lx6xHCor0+DIGM0sONwM07EqNntcZlukdFWb9TE7nAZuqvE84baxenSt9eDzlhjRl0GlnH+5MLNQ9quyOFXvo95IMA0NavPrAqraa8HesLSzHvVGCyPy56SEBkQXb1POAoANNV8GRV5ZyHx+9ZVoJ6dx8ecdSD1Rh5mEhFgqjvx8Zo8mwPHzm6Bsv/AMw8SFoO3Be9Na5BV2ReYL1kMhphKjrfB7xCZtIf1jTZZBIcjhQJhBt9vvFBR2hh7Ao4QQg97xI0h3KcA5r1M4kjfrAoj1fGa6PBrxyh+DBXVHoG8D6fpG8OFOiL8YuOcHUCdEOn1iISo7fHWLyoIWJgbQAi+d84nDOwOXDkYR/+P95GkAaudfOWs2W/GUpANKKPWWvxnUPB6zeVWD8ah8YAQhoXdwCFCryTiYcEWA6Abex/nNL2JKvIM5DKUiYyg/Dy+LnMvPI8j2Xr1jDgBuonvzxPjCJzlkSkexDjePF/5Vi+8cXrVwlYbyxKntqm+jGyhAnBgdtqr51iXAYIJw7xVag0FPJ8Bi95NkBo/PjBuIUpThN876Lrxip6K0gO589T4xXa4Y7YOvB0ea4dsiOTrcfV/rLVjH6B4PxzmjuxA6byXt5os/8ADJuq3xml6nm8uToDZrQY8g0iMT7wnJYNHG49pik0ylNL3k6pcKHeUuCVm9+/rFQQdh25NsgE/wDcQd7NPjziDSqnDdY8zg0l2ePWO0Bw5/8AmMwUNCvGo+N4xQOQENSe8REu8P48mStdHR5yoHYVvWEBQuw8YZgna4DfPlyIR5CcXEkIb04wC7A6DU3+sS1CSlIb9jyOODD6k84+2eMpt5/LiMKdNQ+V/rFbIc24zxhNClQMUC84MAwIHLkusR0dfGKfYKvWuDvK4PM1NDJkhg8m35xzJDEar49YGuqHxDejzkCkbL5efxkbw+MMFXdL3NfvAl7JkBryZrG2q4gCql9F93FEDSGvthixnRFAD5/nN9jpEFNdnw8e8AKpYrUN2Wl6XAqQ1C0jtKf9cMTVIAhRP0lecA2yPb4eMTfGgdNco4KdF3NpebkoaLhXeurHLeUXhIdLur4xUgCB3Szjx+cDIsBkl1cvBhRIbhIcrm4WKdlWue/WAHGg6Dk+pnGEKgdvblA0oBXhPjnnDJzJo0F85uLUGh/WIxrx+sOJK+A5xZSGG7fLOlcRxM1px7ywqDh7TtDjCUqbP/cuVMo/x5mWgcBOQduW8gge11kiYBHhb15cHcRT2w3xjYSEBIJ5cn09Fknr3hIiISPoveN2m+b3h4S7GuculhN+8CKPZ5yV2xapcHquTCRku3/zOeQ6/vBKUrxYPnDGejbqCr4GZ4MoAB3cBBtEjn4yq5yH4UPnJdersMw+QoiBDkfWcxzR+sshAtuaUYryF/X+861qqBeJ7f4w3WJDt4q+cZNvdODODIAwgG6O7hDYAj7YQNfplBNRxcYCTsEsg9s6H3nFYHUIHg07Dzl23MAIcYV9UKdC5xxg6IZuO9gMJ7Kp7CG+u3xrClxFNMF+t4a9NBR4Tw5q2oGJ8Tobpi6ERiChp/vORWyW15plQyaqugey5YXEX0O/qfjBVmBlAKy3ifdwoiwL1SVfDxrOZMJyZ1vFei2ev+tZPVuCDbxOVMG1a8uSblbBZw3FEBcVrY4GrSHfOf1lvfAOOfWTBhri7x2DdJ4mAHgbc5kKI6yaoKuT9YxBeIR+cDUo5TjCeVDVectUN14MBogD7X/zASQV2dVi6TRNYqc525DGGwHLhaYHb34ywg0Vpw/6yAFhyJHzjlVEdVUdfeamIvEk856GFkwC6Lp84EVA01R2Tl+uMgS6fhgNBoBVZ4+N5bLQVsqtQwcRIthpZIcg16crgQ2FQnO+cFquUTyTN52aUipo8Tr4waDSJNoar+8eicLV+AzQrRqaEXbxzhBVwh2BiuUjXK61mveU15oe+MTwhLrny9usZuh8muzwShhDf6N0caPnFyicJQbWcd4RWpZWO/PCZsi7dphB2dj3jK6XbbH+/fWTaLOydYv11hVTQpx5yJXeq+WvMydSxo0r3e82c0j2JyYhpSLgVrfGcdSAilR18/eMrEiYBAa1mC+jJYa8Lyf3jdnErW8H6+MEiriS66v4/LlAyWAtPWpC7xcUSibRThx8uiLSvjDKGSCxfeGQUOn94FUq7P5xDEBrnWFKFG4wh0NSXjrIUDgDTvZ3bOMQowbXle/tx0EiSAz7wQVLE0YSSh8gBPiOdlLWfxi1Qvab/WOaCJHe/WKnQkNdfGAkDyZ18YcLHpOzC0DSPl+MHFXrfDiA5u31hFLNRa3/AJwWKEV2V8Y9Aj2X9ZsWCFaGl5NNrqfGAoSitJHHBPWIRvBFHeUYSlqFfL6xQAEt5H8v9YFFDUFN72c96xUIfko6+jGAYHW4VxC3UUgupMZCQt0y8h4xiC6YFS/xrEMZkFi7bru4O0IdxsHx7yRQsHbPeCCXT4xygCTWsMJsGOX5YPzGJ0KJLzxm1EBYGkBoL8ODnUCY2c+t9YLFA72U2Du8Zd4VTp4fU4wwuDTI+Z2+sWy7bXnWFK5gNlI6YGkFRx7/ANHvB095tV8mQpt6N/4wDO+Ao+LwYRaY0xVmneKAbDg3dBH4yMFdSPscvxghcTKQKXjeIc6qqA9JpwIpRugfObSRqYfzmwUE1FvpwjYSbO82BQ5fOayeSOvOA6B3X/tYMnRFduv0vb4ySI9HBhy2HoPzjDo6RsPOIAJWunw4xgEJnO3NPIxM+FcmWDxdap8mDpUIYCJdJuPWNCps1rWb0PHGWYi41k8rbVZkdKrsc4rUcOzCTksWLgACdA947ynRIFMDjzd8ZViTcYC6/GE2pWLobffK4u0CC3Wz9skOB2LeRv3251fSQfa8GaW1Ai6DhpENAOHeNaA7Eb3zjQgEiSeZlMeAfB0YlNBApoeMd2FyAU59uJvVCKMc+R9GOPjh3hkTWk5nr3lJgqG6HY+cQMUjQOny9YMrhQGzhfeJakkB+OfGCjcCXaHxob4cveQDhXRgTFHnB5bajI9ubaKmu0NnjaZdO524ywGgqYIizYh+nGG7co2HqYYgSCW3u5qBRY0aKr/fnKidA+xrfb6/1jEAjbn84/zj6lyxU8A7fpy0FNH3gO8DfzjOmu8KMCyd4DSg0CawHtVOF5ceOMWkl/AXdxAkAOuT/wBwK11wN+APHly5gPipNAPGUw8nv8GcDD/7MmIx/Hx84zFrzlSqAeF95rGtA1+w9mVTg6r1nAxzSc+sDbGpTvJXLh5ZfZNh3fOTU11ezqYu9UWm/wAYeojhhJJERTdPjoxXq4AHN0Z/y5SjpG0IdHXOBUwm6bTsR1Z125YPI8lOB/jGAxKyjw55vFxUSlCE1r8tGIvgeBB0nd/rAVRIjg+vLcqmW+k5/nGzqiicmAiaOzzFwBMm76ea5dRRqIeHxjO7WC746z4PxjXyxhlc2dGSuUD4zrH3wEA7DWGnIqIH2fxkvwxUD12X3DEo2iCeITsO/nBaBg5g/wCcErMGaA/vLANWa6yTMbNxzFUBZWfLgBBEPa+8kEg6v8YVAnl/rNgPKKjgdvz5C+3gHE1YgA9BedijgoyXSvyKs/vElGjRD4rZvxgjG4d8MOz68YcjuyvmJLvWihgk2pd96LgxPDp94ApDoeN7uWt3Y5wFrcSaqPbj0QmA/r/eERUQgTgzYFUmLuLx5uTUPRbE7BzW7fGIHgC1u69es5IQszX/AFznRFp7YG3gOVG4tIxN8Qbz6PjrGlNV9TB6844lKd5DGzeXMQbAnnF3G2r5PH+sEpiF1a8b0ZCMAKUDzt+MAIeUmoYDa2QRup6wqBjRMHZ7l9ZF6kA+YeBo/OWjPAoUpp2Q2aO81ugDVg7/AAm8V88PtXQXXzg3Bo0FQaY7EVyaPLMV74UA1rl+NY8cpiDqeOcoPirwWcfveHAkD2zyp+AvnH6Iq4nZ/PHnNd0PCHlxnjuQ/wC9GX3lRiHunecAdw3c8YWAjUScnGkQBqpt5+cXLs2NpszzMniMdo/w/wB4zOxcpOFcYkhSWyyXAAIMklv9ZfLR0A9ZEDoeTswwLSGeMYbma6mVCG+fjEu2CBTj3xMaI4p6eMQ24DWeQ53vEjXsp6cgF0cYSmEpqHy8HxldD2Bw9eMOQcMYOt9XJQlqUh/AY/AJpI+7glh2Ar9YNGWe087wNhr1L5cvpbAMny5WRRQh35b1vEqjAoDxXb7cg0qxmd4zNhGIKnkWIFXmXCX7zePHow1ge3L4wG8WDYtPxZvCLkLSJNm/Gy+s1lSl26/GEbnQ3hSN4LH4wgAVoWXlf6M0ACVpXomAlArGgRHBB2cZYIIBzIB0AHt294QomRwL9cP5x4RsANg0L9mA+PDAQXgzmc3dwmbTYLqPavOFW9SPBw5ZQzWBEhm984WA3BQeB+t3JRXAbOqvIvS8GsCKgaWAa34cAkdQW07fvONMCNBeAO+sN3LHTRzQHa5fGWR9Sd/88ZX8lDzT/wC5XhwiFQCi3dcVCYXr7YXinvCBdA6V0DW3ThHF0nZ/884hsLqAked+ZgIpWDVeVmTOV2HnGIIAixvNvOCwOQrs6vkyUFMml6o/rChZR/5jLAP5wxgaNvnEJIZXNzhNNDT5epgGRrWlPXGF9K9UeDvADlE2I6UMJAABTOtCh7P1mhWGizufsyurzNHiddYp3siaXwdeGKdRA/w3ibNtEU8XeJFChjTfd/rFRKcG3BVxt+8hjPBEHGoEicebvzMjaBX0DlcJGNJspD/eEKq8GcBUnGsLB11cox1rWLTBtS4BAU77OPeSRnQ3WA2CL0wia1oiT/usdSEgNzSxhTRDFCOhYBK7V47zgARRqEv8j4wCaIqvJIdPfnjIQ5aQeQ04t0esbMEpOoTrnCamaR1qTFzLPucuz13vDX8IoDYXznbvbwTvYidY5EP3hpH+8ohIWEHrl048u8pFOQgN4HZRpVd4EXXJz5aP9uLXIVSeEcQC0Js7yrwuIagRQOv8ZUu0agTzfGufozilEEw9PPm/4UV2sCa8BhdJtNLxGhe0KS4U4Aj87ct/rKsikXD5/wBYby3XDSpKBd+AxaWw6b48zJYnEiWuQXBm7X2Y+SN8lY6asN4ozszC8AOPJiBNAN0mcz4LWf8AmbuBN+fLPGIOFdaDirwHrxj37xuh4XhHHbzrKjtDScK6xYFbtX7Nw8lyrZd7C4oevla3K8B6Ij4cdOhq9g+A4wwkQiyHTesDWtNIvG3XxmoxgHq+83gFWv6N5rgqmhPZHWbdD4Y1bTQ9vjNUwmh54wkHOy5s8XT+stoYjf5xKAvsy5gJJpCt7644ua8SgdfA9uTmnRGudLwwwO6NAkHzlPPXEp8PXvCCgJQhw3pOsShsQugf4MGAglvSPgFXDGtR1KklzwU6rlP9mG1Y77yEgiNMlfkXLbZvCgiTxHnrFA3DpnyMF01wKJ1NPHxjHy2trW/i3G2NiAUeFOccURZBWv6JrjABoKS8nQf7xJ9Q6qppdm59XLO7qIDi3yuX7bOa9DtqdQAyaCNyQ0CoHgWYiw45CF9GjQYGjsZrrBwTC2bW6vGshgem7v3i5yESfC/blaXWiGyoHXeP2acCDyXPzm6h0m9D4yv2CO8WiRK5Hg94MlrfzjF4viecQyhczxgd+Vh3MtLoHX8Y8AWEP8YoCCRH/gynOaFNTb4geceb3GALYvyx8CVDnT94YSG0HF/4wgQFsE595vlAQKGccL/Ob0dC1rodP6xZCq8MrCFQKBqXX5xqAoNyrrptmFwnsEhNXr184Lt5RZG1O/RibTw7yRW/vqYGcGo5OjlZv7wA45klX613miQ7PK9uIFT4dbwhpiKublNDorpeT1+8XLJAj7tWyOpElwJwhdLSKeCfNfGWm95WUCuPxuzDQZSPiSUoMHjTiQLLjP2jV9+HnAXhSsUGE0CHrnnJMCHYz2r0482oqtu5GQRnWHG5R70a9AaPziAUCmzFicDUmREBRRuqdkg6AXCQ2STTmHjtPjDYWOgYEv738YRi6oNBSa++83BkSApv8ZyvNsnOLbp1OD7yKpCA6gnIeeJh3oemDY76tcZSYjrC61iGaIPITp5zsTpp07PR240XSRHQu9vjohjzpgh0bhfj+cBJMiL26H+c05qE1y1wASnSuuOX5zTiCsdjKMUyTkgdvx95uKgiReCnk5/GNUkohY0Sbyib4eg8YhKqB7dY1aChAuRQjXBv5yo+DmYaQJyv1gzI1iZCGaNRxRN8DePt7GVPs/8AXCHB1RJd/f6wAbsVCjkE5WXXRndVCrvz7uUqiKqt/Bg0QJqND4/vEwKsze4Xo985trSRJrs8u/Wdw9KDXmdvjODM90x4c6jxsuN8GGKw3XcOD8ZocTBfj6MQHQPS0dIPM5zknINWqx4vbzgEA+OXFvNpO/1g4hC9/wD3AUJSmlXwZQzmxV4Tn8ZZHpCQWmhGh8Xzk7SGWs6oe3dwoxuiqPNcjeOs47MtsDbRgPm86wEZoYE2DZrxpwxdgnLeAjr3kaTa6CEEDQSMMEolA7EK7kc+ecFxEWl04PRuFoOg92x5YA1hZ4AwHRvq3WMmVpRDyOnXDvjFJEWwExPBQHoCW/cwl7iivKD1gXqCrsvG/GOhd0GiMIGZBkjbXZZxO7gYQp0Szg7nWG2wgq1uTkwiSdeU/wBPrrN1yJm13z6zUEQzZm55+seQFOjmmXrr5y+ArT+mS6vpm4Qm+5eveQ9Q3tW6X7xePZLHmvhn7xmZhiBSbOA9TASe61abp+dZeQrrUdbO/nrHfQdTx1gEA4DqZOgNd2qnM+LgMq6G/wCcEAnYXt9ZCFo3TBpUB49+TCrebyG3EZ5i7/WOe6U3eTr8/iGAtFh5Xpe+VfgmMAANbt2F+LiKgtEFs5J3zzlM8hxfTyua2XQqctV0TX3Pyl1w2R0A+d/WR4KB4qgutX+jBVJeAEN+VRc0UHRs1kBACg751mrsKi1ipG3NseDAJKTdLfnLkHsNgeMWW21QR+cDFINHX/cGFEgp7cnwe+s338Ble20YZesqXAcC9Btp4xOxBQKx4Y4d7bwQFGm4JQ2DvNANgdUQIo3ObllEnHQ0bDYzSTRjN/xCBBJdROwxGAAtFTpwEkzfpbt7vMQNeXEVKFBWk3494CQEAThB66wIcW0Ly9JZXzjKAIB2Rt3rh5uRLkI7vm9HzhIQeVVe8kHm0o4r3/GbKjNixAC8u6+eMMJb5N50YPhY54bad6P3lGgglDTfg0/m4CtNBoEaeoHPE95dI+zSclWT4MBjAW9l7w1C7zp8NvzxjSE9K0Aw5A2Gu94gwmemJJTiBlKQlFmjx5mEILoDWi31k0QtZVLaed1vWscsbWoti+8GptCNfZ7XguPunEUnQeMlKUI5na4O/TYRe5eN40WqPTe3GLS7V4ys6WQ95RG3IB02XDUiLDWcl2sKr6O31gRMW6GtDrS8Ae2GOhbRrWSk0tmgsgBnA4NcnMn8461LeGRJbF/jvHxAVgideJ+9mJ6W57BNB4JsmA6S9EnAE4aXy51AEKAHj1cYipzKfD1glWGge/8AWFiVdDQng7xIpN5Q/YzTdvs1OjNV3UomELpotfwZKaiR2uIcqBN40FugSYHeicvK1wYprtW5u2u+4ennChEC7gmiKzwU1gvpEhJqz5CJUPGbJOi2d1wVOmsByeoI1UIfD861g0a2KiT0v6buBy1QhBIHmwmIkU5doVOgukvvFKKAp4PjtxABVTWg1Tp6uQwiS/lnderHst/n24QWAFVLRdNyer3gGr0DsjbRokNXnxaDiZNdGPC6OzMiFR5TkKvjAmn4XGrccnve8YaGgESefOfvMCTJG0EBHdRb1ocJ1uEmizbgm35y8kpHj385MIghAh85QIMVbxaFGBe0q/BldTxWUURzXm4RkJELGvxHFyZuHQ4y3hyKOAU+NYMhLIDtqTnFHthTU955KAsRa3CV0yeHcDT8dYc25agTOHnU3lfaoKQTWns1kTX0Lj5+MTVLob8jjuxCpceCYzaTROJIirh1840k4LeRs6O0y0RLOCCOHq94OOMF1vfj7xHT4MRvfT7ffnEpBfHcVaeNTn1gmOQtGmjyAhlxvZNEBJDqa294YqWrAfAG8hJOxIda94hDpJKWvY8How2XNgA9B1gpDUDzDAOgNI/BEl/OEp0sQRoTxgBuY8Tzo5ZnJc5JjqhxjJ2YEkADPLPLXjFpV2jjsHyY0A2+nEPIPCGEW0B3FMdKtEQeMNHuERNtaWhNF9ZFqDHBCca6+W+c5A1iD7fnEQ5qqTwnBr52c4fUAVA0Hz5+vGJIAaCQ1R7tcP2WRspQ6bI01OMlu9tAn+n3MYRonBpyeTNN0ttrTFXIVypselPGB0YG0lKbIu23fDhmuU4LU1dmnHSecBgLNZEY8pt3rAORWJHwDvCgBa8CvnWHRPZusDYG2etGvOLLNKNO/GVV2gORxx54wBSthFk4wUlvev3ihVoB2nr3hpYdilNv26+sCNofn/zJOkox1UxINyvyjReDjC0Nfhgg0dJ2vVw9mXShpCaDx4RxF3ms4TrC3igeBvUxJ2ykl08XOFEAmE7+njEkWgaIdXxm0c5lWa9WfeIbJD4oT4Dn6ypLv7AYvZyLdhdH5N4RWxb3wxgSmxwA2D2+jKKI1xHb9OI4AGhJ8+cMAymwE4o6cnzUYnHDCLcb+iK0vN873fWBnWqBPT0c7cQhUiFNWpzfGNDTpn0WT5Yw2on8s5CunGW6wtbBGJe8YKtA1vimsVDpJVE99d/GbkaINVs3fXWTibTZ+RHB/wDMdGwYoE6b4Pp5cNY5mHhYAWq79mbsNMalKvkgTKIpSUB9IeO9dGF1GlbdAOxGtHnH9yviqzySN8rg7Yo8sPBQiPymLl0TsaGv37xVCo3dmhHfDhUit5OtYmio5BXx84bkw6PWYu9J5BmllQMMND9V84fGPyqCT+8eREU5tcYJsCvym3pd/GWu4blFIaBd3a9YRHpKj2A6Ts6ccY8JXaKG/n+Mr8VapaN1ORd+sXaKtA3wHfn84gqpSdknOKUM5EA8rqYgmHjIIQ7wBAKD0vK/vWIxwss4vWQaJ1jwc42g6TsJ+B+0wmRSBfh+cEOOPGA22dDge8goOm1LXK+qYHsQaaRm/DR9ZfBsKAa7E2s0nPGLigK1L0PkeR4wwBy1dqyalfd7pg0JhE0afjGhNUo9HGRi+LFACn0h9LkO26BG7ff3h2pvM8XXm1y/wijt46+8Fk1r2+t8/AnziUeSj7PQa+E8YcJHSzlnBlEgOV4wAo+Bd/DOcIkZ/eCw8YH6ZBRmKyANAqo6MSA6UvOdZ2BqJ794ibFyijZ/zikSgIIEKHJty+HLWSRwEEGhaP56xDnyEtAq7ETg3HANlNK7CJeSsXXebqRBXRFmwKs21vEPqM0gdmox+TlORCAAhGmnAeMbabu27pbkWAF5fGQ8p1D1F9p6enBUyVBZte+dhvD1jUTxKcjs5WBNGN0DxIWA+m3xPWITtKwC8WVOly/VCkAiWAdHGcwRE/CxptnzfrFfHSTh4PxhKKhsa2A8OVwwMNOxHuZdIGYUL68k/jL8pNwRrpwPxc3g0SEBpOwz5wCKBr+bjG2teAhvQV5nUx8GCF1Bscjt5PBkjobJIg2CuWveOHFFGuRfQW6MogGgAu7jEP1O72D1fORaBCqUefXGSduIPznQlTzBOD3zj4BDAeJwe8FZGCV578YjApDxl6oMduy/OUvUDY2plFGaXCqgh8awkWpEGeHiX694eGTOWgnmQC3eNYU1vtXBcjNnD84wBEOxRZw471BKYKnrnWK4xQUjFj+PxgUhvSt4bYG/OGgDpQNlaPE/eOEdBykofYfM5yprbo0nn3goW3uPgL3lodzQXBx/bFioXgdecgLFp02B66wGECeNBhRV8PvK0MJsFcYiDdoUD2fOGLSESk9z+seoMVsQOCvN1fG8K9JIR/B7HwczKGsMtFOQwvZ0bv5ZcDSmbUT5kKnA7wtiXBA+AcBwTA3ABogJUTZv6hj5o1BBAdqHOHHaoQbCwNqnW9YBeyB1LeLxFOLPeBYsLSdB3GA2t25cI+dg1TkVHhDK6gFaBrQ7Uj7XEQ8dNIxOpX4LTG1xUdEKe1VyTd0H9Yu4R/IJgrtwHd6y7zSW+sllcgkO4x5XLdO6XTp9YYzoJ1PpcQHxgm4B9aw3sJ8LAO6z4yJqXYKYzsXvrVw0qQLLYAItJ11h9wapp8s5X/WBbCTR3Tdlej3rWNQoiZpAQcg2H1vKX8JDNKAUQuvziLwCJaH8GaKbgpPCM4POJfGkOVnvrJK4jodvOJY0Si0fxrC1AUTofExu/wCskWOFoIdGt8rimgEOzp7ePeUeALO5r5iT5cngjHSNEkyzW4FSWherMGhIkiJP/cSMAkenfOSdGrQRhweNTOZoyKqnPveaL0jTx/8AWHoH5103LfZAE1Dbntv0zIKTpFeB+csCTRsshiGEagXPGOCILOx8fOMzEFHD0PThJqB0Hhe8URB5L1gEktryM08LaqAeX1rFDlrBNAfnjAAgMCla49W/ObRbYqZveoi9K96wv0Y5U7hory94vWtnw+DyZbw8aBJrXDxgEQgrQpG/g2HR4xnRhCgKidCNcrjEGcKF6asJ9DNeizrKw12NPBvJEh25sXgfEwcJCgKp2yTGuJaDQ5e7IE9nvHawRoUPexG88Z3UCXQAHdFP/uKG1Xw0g+JxxhKU9Oomjpe/jABCJQ8ZL2wfjECk8YAACd/GLuR0aPxi0PO/0YgzkGAZHkuj24VW7wUdVxa18uEqQO0RgnmLUOfOaL9wToWDm008oYy/aFstK+m4NJTTdEX5g+tZ03xgAUHc93jhhIPwpUBwkQvumFcHmjbkpN97x5jWr8vT8YATCg02TzgCCQNeEVf9e8pSRVdaNm+eZiHCpGG277kwT0ktib/1gCmlygrTThHdy1RN4q/biEEuRA2b9Se8DFAl2neB/XprdankY/WHVeE0hrbiBQFrht1cVarNF5MB+MZgA2q7x99eiBTx4yShSPofrEFWgDYpa3yucekDWWKq5R4wvZIXk840g38b/OBc9B3lM8jd35zcgQTziJIvRZrApVChNlp9eO8eXUvbwHxf/cpzOxJL31+MRMLeI749ZJnjRa8S9XvrJvDh6YN86u/nEJCRewl85VLLRyrv23LqWqgT5PAQ+q4ctFISiHKCt44y8qdpqQfMUa9Lcryggh6dq36xoq8FBHRvv7yf4OyBG+d7+sBhkBt6B8pN+85ItLFKHaU/KO8NdvletZOtFCWt5yqhZqcTrHtPHnJS3sn5xOW7e8CABjUpACjkU41ted49k+BUgC66S/nDxBkUAU0fJ/GO90YcNxeCuKKIjwDTz8uDFVL25H+vxmqhOSbCOg6r9ZdY+IWlab0u06x9YDYycRvlMIvspwsfZm0AAKvANGKrOjeb/wAM33zNA3s/r1lACARoh0/BPeaZyVtTnXB6wDY7wuuH33ghal3kBKAJQ2yr/wBxino8rWkcBFfKYymLGXAQfHnGJ0NsjUVdurSG9YjNadUPIfH+nGJNYFHv95soAUDZOnCeTAQl4fh9+8dkg0zsl0aUE485d42pup/dwYRbSwACV2VutYzDt2CMPKETFqPkzOBHfGsGbSeDG8Tcv8MuSCm9j9vg9ZQEgAKesCCHtZ93NEAnw44+cZmxR0d/OPu8E1OY8edYPh6AG3Vf6MquQpTBMRSsO13v9Zrbi25Vvs1XFBKjQEP4vONLBKkSAS76xI4KJaMbKxEfJgLwu1gWThNIepmllbKqAw2ldd/GLqGdk4i3W/EfnOBKWtSG3uXGOuYiwj0p+jFzBxRPSnpgAPW8jyEFGd1nFld7vjEWBnDw49UGL46j7wtS8wJ/1zoAd2MEa/lM5Mcb1gYQ9HKTv3IYTzsF8XYfo+8tERajWB6B5zWhB6MXyfLvGhuE5gv+GHpdf1W1NesC/plKUSuNIz3nKsTtGEaboIm28M7PmQdnjf8AJgbKsBqME9bHivGRwtGmzda+esl0Qp4OBcCcVNkpDXq43x4ESUj2s6xJdGnIu/s8uJX9ucgBAPR41hBPswEbaBCL7wjqZXIpX4cBxxQ9id/k16zSqGMKzkKFUPOKMO+A3HdV/nKFEDaidv3gjWsZyPn7MJAtt52HNiU5tEbPt3i2MbVCvlujeU2o6NcuNRs3jvPBB6HEAgIjjjHHuO01fPwZyyDFDe3OFmwIAuhevxgkgpVvebZlCv8AeAJvIjRnhxkVHa8h5+MUCWwqIjieDAxoSc1A+vWQiATWu1a3r8ZcNSfYcgl65s5wggYN3SjwN6xopRBy3YeHT9YJZtIj5fPOODO8isjRvlZ3hBAYoXg5Xoa3jyElUEhwmaSKS9ZJYKCURyutRzWWZBUoQSBN784NkVqHRY5FCaHvvEEByNl0LxA8ePBje7TC9E5YCJ2IpQHnxXeNjTIaCGUu0955nQfw4SusQL0bwFOPJxwPTHHEUhTedRORTfPvBdeQ8lbU58c4WylNGrp8MwAgZTI0PHVO/TnPkKdCbq7/APcaVGozZLjftRUOn5e58dYQ0BOutK4O65uLj1I3Jw07cjnkMNj1HKSUWFiHPnbm2oBoCjyPOD7mwDVfM7wpRkacWolLen1gEjVBAyoHd98PWPcFW/bxr5ub7GuduO0UFaUuIEGJFBodopDuOFYFdwhB/OAtZh9BhgWqG6aT/wBxxk4rwq6xHaAT7/nDHV8DAO76xYK4BN7H+HGCMbTV5/BT8Yt8VAv59txIWDCcBgB18YVhyuE5g9achAtfT3njngX+DDpJdnEfbhkI6IDpW0/GFSBQZCx2cf8A3B6IpGkD4wCnTQaOfxzjREUQeGnfnWXEKE83VnjIks6+ffqfjKqGChEMre5ZmuQT0A0xhLKC7CD7DEnUCn/PGAlnsDJSKIr0/PxidNRNQImgeQcQpl5jPbCPZQNHDMVAiS3UUnaR+3IuppwY+0wRciRRJsr0Nw84dEUjTDjsnPN8YAr0s9XfrEw7QdHXPeE7JFAIeB4CAejHSKbguDDuMlWl/XB8rzieQJKkaHuwH2r4xjSzoUFq9ACr0GNgCp81Wb0pcKIl1ynMfTHQ0AnYBNet4LnDSb1hDUKyfvASJUD3NB7wRevRUnlut5t5oirAke9l+83VI00wFP5wIOm7Th4HGiUQ/UxUCDUnXD53v6zUN2PhrrCFS0R7q9Dd/OcFPkjFgede1MIginf4DFrrMYhDpLLq+1471nRSuDIZp0dO0PGAAo5pIwl5Y7xTgILAY2ddH3jPNbHISfjjCVFojiOn7ucTLdddH94xA0KU8+MotDLwmf2ZBrVYiG1+SfjC287+NbuCkiWuUpf3kyUcF7wyOHEMKwB9nJ4MYJNwBpzSQiADyQJ/zgQfBTy+ccqn49v5wTzqAnN+P94GNgJ48G/GaL4SBIPzgNYPaB2OK5KgJUi/KFyQ1r+9z+MTmusvPC4mx4ZEIheY8p6xiBchpQXn1i1bqXNbIZsC1eGrovMMJodlNXbl6DxlcPTULds7mp3rWGfLmSG2eSgE89zAduMjp84vNH0xaA3Nm+sVa77Oi7vXLk0rz6QUL9/nH2Qrdv8Ay4wOSdtnx04ZZpDwTAarRXmqD2Wh5wqQHyOgr4f5cCrT5xEX8SB8uarE2A873w8cYaiH4RZQ+K77+sRA2EcBvPxjC00L84Y2o8nOFOvnGEuBQBeXhHXx7xNL1vvN4/gzTGbagf1vES2vJUcVLTWvkeT1gulABy7U4uGeGVNIjfvfPrLEnoeE0Z2BqtrrkxiE0QJ44+25edWqGvn16xq6/lypsAdFjp+bvEqTBQylXzt/OAwaJjTR9o6+MOUoVBig35Z+Ma74E60cfjLQyBWnj4UwEWIKOkjcyKDQr+sKQaR2Uf6zYCk0Rgg9N7zmka3wZbkiBdZKNXcMXhL3OMZkU6XNXLoBuOz2zGTQqBNZvlkdmJIuE+uMcnrbUcwehQ95BxpKdqa/vEafVCp4eTZ9ZLRSzAArHJHWWmHEhBAfFxgJ8+lG/wBYYPhK0JowlWikYaHHx/GIALYMHM7e+frAEIyzdoj2Tf1imdBkwOXl6yGk7e0Rjk0UTvG0jAIAPFCc87wB0CtUQeWtQMgfDa2vd+8RILrxEZw7P3jSLWvLGykhCuWMwZDERG9seN8zrEN4t2K8B+sBslFddDqWfJhmu2CEKJ7VmsCBxaMtZ1Dz5x7wz6IOn7I4GEWbiG98zfvvrCMVanIFe7x7yNI1BdIa8cYYmaNz84BTkhxTwxptY1dP+RmVJizHetdykrmtXZHewfzfrBatA5Pt+N5cFbd1RbfgxvgMYWvb8QzQEo8zfO/1mnSFyu607YlWnoNLfqGMbpQeHzkvlHQppLUxER2VKBPT6xUvLvG34Vw50KITZAMvQQ2cidmTarntcf2/WBDNnvJAvrZkN1OuW6HscIuIVeQdHMpzhAfK5pmsX9Y6lQOMRIgCI4fI8yhPGP0V1ePnLqwwAwpdV163iLaWn4xLEBL/AK8YMlDkefeCsnsm/T+sDcpfC0i8oP3kTRD1JehBb4uWyemi7CnQfq5pRgDBBDUf394rEqwUoNH85tbge6dRE2/E7w2QHAou333+PebCEoLMAQ1I4uQyUXbyesSBiiLcl4NT6wCTJ5ws2Dim0JgCR9O653g1mADNAaRnnxk2GgybO2+eV96yESUN9zeSvAlA6bu/BcUQ1I7bbfu3IOkrLBOPpFn3l0HqQahvrevLgMEsBRoHAQJ7x4ZtqaUHVfpjBE2AGgDseT8awhicUVoHZN68TBWEOjYhODbrKgFCZAhT4dsbtND0Wd+8jXEzgzcXUusDBA6dtOaCQEwNCHEOcYElUh9M8NtwQ4djpZoXmbv4wBEAHgb9njEAvJfLjEAYZ3hNWa58YgqkUAPxnDrxXw8YIRgTeGxUVHgDlzeKO+sXChtiE4GHxkQNbs6w0CCtLfV7/wB5FroPTvEvp4eR1+8g2rk840PDWPhFAw4PWKJzRHJry5Yg6mNK7dTzhES8jlT+Mng6cJInZA/DF0CnXS/GC0yoDN9ZHQF0RMIxQ10UfGPMQSAbF+F48mNzqBEFz2afveLEigDrc2vxjD0cHq8TEHoEZvl4xLaqvkUv9ZUE/Lsu9esMHHiWiHUrB3MWr3mH2+VVf1jd0+u0IfeKVTvuId+fjGGFkUNJSfd/Nxd0bEoRRFTwtuAs1F0IuAdsDR945hUANPMD8ZEJNGyN/aa+8ZaUn79ZThuOIw/xiC1r5AHnywBH5WVq9NPxkoLIO6ifMT0OFUYPJNqH1hQnW6g2ntkMQcuEGhXifBgXaNgunUgEMLx8h1aFfOI5AXE8p/3JkQoBoXHdwm9baHFF97x1VI3ROp4N4lpnVUBXocJyRfo79mpkXECnppmsLQCMxhU00WuL2Vq8B5wkAe3vxhwYI23WCGRIPL/rExUVQ53xlfOEiAU7Hb4xXR2BzTgde8SKdBwX/t5Uy0OnEngTOBKpB84SoqiOj0THOKmbDWKJE3hGjbiAXZ05L2tj1nkdJrBJ1IGa9WdP9YBp1zmpIrffvLpbGHg9YVbC2cG8/wD3BNiOycjy6/OIGtIeV4PBxhNdoOupj1ty9JIL0kcgx5EJTqH7x3qVQBCSercQxDC0btLi0EmcJIau5WP/AJlOLKCB5Jxv+sPFtGoVFzuTnrrNGLboVJu9ducF0lqAXvj5xTnkdOQDXAPjDwtA33N4Ecu2DgT9MHsFWBRbp4JxvBgRJu+R0+/6xC9GlJS8TY+WmGIOh0ODG+6ri1YB2I78MxxEUhW4WuoKTzjAF6IFozxw/Jl4hwb1OF9TWPIZoGFS9aw+BSL2lOuMZU/zW006Gu/OEgJoDKKk6W6yy0cll+8Xgo0iajeBNea4X+d1sTRiBxvt1h/CjYJx+9OaAjQd3OVLy7swvJQR3MVRnwgO3LhfmM93HFXcvxkE6n5uDjwNN5cE/wAZI2ZWpgbvRX0oz4cWl2vOCrXQNPObrtnNxAEN/wAYm3a3NibesWiNtHjNg3HdWakD6ec0KHzcoikDhyBOPWa8iOu8sWRXbeIFXsLxjHTZJBkwTgqq+cZSIPvLNPy+MNTNB9f+sFCB6nONPo1dDYp38eMA5HwHi6MJmpyegDxgTTwQl0nY+cYMhCeCXyeM2SVLjAKHVv8AOFgYFzew9Qv0ZYdq12Q38oB2rjUHcxhizJJ2IWPr+scmQ57KJXaBi8JNA2rB71bgLA3OwofuZcRCDyJEva3frGRQ7zWHHfa/GC0DaBy+g06ayVQeroq4XvzjcxQkSD/HWKbvCrXQuWbnXBnPf5Qtk/7xl3lYeB/6zYhSqfEch0drkB1YgEUAPAYESC9BF58Q3lTNpGB5hM6jbc0pdPPhuXsGt9vvNZgeu8Rp+WhvOrgp5Qbq5r1BTlTxjROao8PrHxPww2dL3xmiaSxcewGGs8JQd6bl5749M6O5tTAaid1wimM2nOaCn5zV1iqcl4xQk30OLpkEqCgzgXXn+cDqZhzAFdHPfvGKUjhaefjBVN9BVNReN8zLRWRqPyYRl2BNYoLwCuX6DjRB6Lv/ABWPAB0ZQKTiYyIA3ebytwXWIOA8Xsofkx7xek5C6PuY2kYoFHVXra08GM7oA/CMEza8XHlOhb8GVZCwIKe/+7yWxoGagCfDGBraHgclq6KEHKh3HV33ME5KrCqlRt8vVzks6FHwCcl684h6i54SvircQBOiSpeDnZxmlKacjsPv2MMN21ukgPgHwmaLw2Xjek8fOGouDbQhXRcVRe/dKe+K+cmgIkWCAR6SB3m2a3EUajBTCXk0gLot74ByAqM0AIJTsFw2aPUSI15HY4lduaySc+bcREQNp16yalm+cCsBDvENcju4zFUV5d5MzTy46N1WP5xiJBWd+sg0SpLdPnEoQmlXR8Z8H4xjT9sQW4xRS07K2vnGGjW994krd2cYf2D6ygh5fWOm0QvO8QLfvczRUU6y26IcC49l/KfBnIvFxaB8DQfGGV2s0U+cq/o4ziWioIojvsBysVRcG2IHwOfLZrCaSFk3Ty9Ksju5vvsWg4jxcIuR3lbcCUEaKcLw+nAAK1hp5Dik5UFcWywMoLwL1iqLsl5MCAXbX54slU0djhDwqE7A/dxiwgS1UL6wAEIcPW2EDSnYv9bMfaYtAlBnhjj1g5gZ3/rCHIsdLs+XF+gkCpeNeeD7wK070jhTol77wpGmCqnf95RN02CEOwrvFRwU4K5XsUm/GGjriognhNuG5hAct2z3lwZAFRRPhK+kwNjRCeMczWhkWGmovLihvdG4QqUYPBbnZBkdN+MODXbLKM76PvALJ66oeA8X+8Re7LwaemtHxl8cLGGmj85sgg2y6HR94c6KcpjwnWdMa3iBRQl85SobrKnTR5x2O3AZRRAqDuZo8Cc47Bs88L6+Mss26y/OCauCa68HRnNnGOLa5qzm7gfB7Q3lyAFNNuBnH3jQLpwiba9uEGDlrbd7744mB5FYGbj6ao6PDxzsMTnEbr1TfnWA6mPgCh9KH2xkn002UnudeCZyu5Vr6s52I/Zw1NoMjpntC/jBsZ4g1IekovhcLqGHALKAQi75V6waG85ikZLsAfL3nOHvxFXtsSA5NYM1GRS9DxPeEGC5U9uleN8ZVrQunFXwz1hET4B0eLwxv5xhfCc5QK4IrEj5RPvHCk22wpodO+f9ZxUoaFE5csUV5+sToZNgQtfz+8ZABXWqmg5Al1zxjOAAIBA+EW+sXHUlJAqr14+ckyRcRADKgkHHuLGi2bGnAS6MbGdAhIvlv64usuGNEbCtmi/Q3gRRTX14wIDrjnE0wAsVsF2X1iVTXgi10Jy+ANwz0Dcafc9LRB7XEABPgsQfGnzkLgdIx+nEnz2jXkvxhT1bOdCs7dQPeKFddAGn441rF4KUEdSONI753hyoVYsXv7xwlbYFcx6U1fGHllcZv5y/8YFG6d5IN5mscCBdzDDbwGKzg7I7cEFAu3IZqkOIp3m/Jj4NWTWCxQ3nF6zmbw1MSBNCxwly7k6NTw3d9Y0DDDKV/wBcbw8YwYDXYIsfDb8ZXjouWqsR0tNkw36MaibXF0bb3q5025YvpxNl0I3h9h0d43ngPpv2Br6DBLRZ2Mt71ifARXa1T2Vgnouot9E5aYa8VaLrU2y3zy4npRBySoCmrdyOHUmyIeU+3J5xRHGwdCTWAHeaSEkPO8LC3atg7uCBJOBx+qnI5Sv084gaWHk233vGYhexYHy/OJmih27pnQNXy4iJ0gNi187584TQAAuVm/7wPo7oDBud1FOFchRk3hA4EEMB2cHDIQXtAxebGRoYfA7J2zHEdwoqQb4VMonsw2i6m8exgDmzGcMPuJjn23PnGLoBOGwf3k0ZuQ6AfWFGzeVc4m5ZtDfBdbBP3gnDjdyAZ4CVobqB1zZhBlg2xEv6cLd4aCIg6A+cX1Q7h/ebwZ+WGSOnTlQAQ2+8HCZpIa3hubGvkuKnUPWT4RphpgEro9Yczd5847JNBHeERDduCBiT23v1ilQHY5KojoOsOV2aE7kwQRM4G3wHeRNDDK13dWj8e3IlUCWxQtjw8PWCTaI6AInUwXAVnXv8mJsUNzNgRJsx5VyvUE6XgHxAUnnJDNkhIAXtBj5bOLgxm3VAoB+VfMF4MM1d1R2VAqeJwTGKMEGJ5Jw0gXbd6yhqj0CuV96D7xAJ2TQOnx/WWdEpUKgJ8pdYhjdHM29enIENlDljCEl7EL/WL0oiCUy+c8J/LNZMoQsD8c46KZCaUR+f4yuyGAjonyetvhcXMYVanby7x7LgCgpWXAexDbIASaE0aiuLYXL5WuOosccoFFDzmwaC8Xf4zRpSd4oqSXGPokirBhgCfAgFMTpxMvZ1gJswjkqAHfO874RU3MMlng3dMZRFT0GtDpN25yQl0mBsJGxesJjk54xp4XzmgFxCDBveUKoKPGBButF8ZYgY1SRNZGWok9ZIUd3CFiMQE5PODCPJjUP9sGqTvBpTnIAYhjrrEUKnsb9YHAEZoc7+8FOgkMQ2uHkvu7mMrx8Y9vN553gN7h0BkmhpPOi4UQFAhXcOH7yIG3yfA7l5yGziawIM9C/lw2jisZB8j45OcDtiRQXmWvrIDDzjp1u6StBIHbcyWQUpW7ld+sHZOFrz4Hjn+cUmzMJPkzZCDV2h/wA5YMlKa4/Wly0/umHaXin1inIqHIEL6xELAWxgB8QreamP42OUuSy/eacgt/GPRr8iGvmDT1jeVxDkObmpEH5nvGcbTlwQyFIs4xwu1wL5hkgiPYbjsAnkmJJcIIugM0R56cCakd1bjhNuKgFd4kgxcHi48A6ckEk4iKdXX7x1aAYkAmAk2BhBF4DwuAoxmDVed7MO5vXWAUGPPxjWpYETJBSvfHeOqYqNgrzk8sVgidmdJcQObxkVwHXxkCvGjXWKd64wBoA2/GEUM5xhFR394CPhvEZ5yx194KxKYPZOtZJAHCojzjF0iRUq5BEN9DvKNTgR5wcq0qHdskO28iYDNhjHBzO3vz8YrqAzA1AjCr2tySVdGoeF67vrnD2VtAM5ExHJVA6JdunaWZKqLZKfHH1idUGxAexMU5Gw63p+8YyiuxrSHe7lth7uAg+SfzgeAtnLEXuJ9TFTfC3BsuqxNQQ9YxsCM6Tb9ivtxgY4To8j+LkaO3Y8lMYykD4QM5lJvnoQa9HB7xCRNI15r8fBowU5Cy5Mkty/67wDeAg8X3MJIqCuizofON7nSSkbIc5M48gj9mUUa3niQKeXHJp2dY2M2bdI6a73jLcolwXvWCNurcsJvyepiPug1kKWpowp1GP24CJtAejzcGjpdzpi2reMAnWKTjeIDDE+O8dadOXAy8+MMNyV3jRQNfnEnDvFLn3kEEQeFwkaEiGMNu8HU+MhDk9GAo8ZpCRwreTWJoN8jvGu67Gs9ZMLMb6TulxuIgu169mM57qGHFXlYjzrJwFwARAIAB33cfg3elRMEtIT4ZwpLk0STE+AJzhekAjr3lTuwKws3NG8Cqj7mkjPcAfOB2rqDTt4l+s5cIVdBfw5GIoD0/sl+8tDxd4AuKJh6KmfIEv5mIGoEGd24gBVAHK8GaXAL5wTpbeHjrAhqonYh7t7/vHxsAVV4A84O1DppygvLeuj8YMyBHFsTor4mUGpG5L/AOYjtoVzvWjt31mwBQCk+IaVZ5mJcVIo6BwesKGu+mDNfJjALS3Tgr3Rwb5xQEVUSK4G5lSYhAWT4xhdhyOFQmrzgChX3mG1QtQMdkV5xJdH1i1twd4evjLyg6OcoKXzM3TI4DE1WGnEwGneKFdPvETrFW7Ke8CqNNaxuqfnKTpmgPdwFd4QHtg3aYU05wlX9YTJTBdD5xijyU7QfHjEWIIN0lUwhsk4x8BOWNkpIh/I4A+MThkAeHRwZNdEEgWupNyzV85BjQLoNdnbpMYBoSu/eFWs1YGk4749YyUMk1Qzdu9+s5XjUE2/HjCEUWnxUw65zkX/AOZFJjiyzatKvjZ+seOUKsrwHlcKULA0NlnYOh276MpgN2E/Eery/jAhtWYOQATR4HZTT5cdgtxRKii6MHYFDvJ4sxM9jryDUHznHUr2TLShUQFQOdEdHnvJMEJsxsY9ne3NyILEUHgvWKaVLkXfeS0XlcCVVGzrCHTMFV5+plsHaDiohxvKKCzaZD5boY9QSDrHmOIHAoVBQ6ccQEYkkx4Q4ygQWvP+B6E03nEMijfreQwuOFwLNDv6xlEvlMO6YWjMCDFxmgaOucVsb84qEJjTlxVbp2YMW5eBscdPzmr585KXPrDJaPXkb0gAZ94P6NNnWzbIqO5s1iGUIQDHZy9bdGTlolFPPZ6zZ715SltWaNPFw4C8pEOI+JkZXoDldT5x5KIUErQ8lv23O03qFdOuRPXOab9DatAB9W+McGyti461b/WNDTm+znFCSKibq/vF9JIMLl+Xh7cJJY/IEg9b/nKJPgHJjDWsTKHrf6neFC7wRcPYwUO3HNxnLLyry2+7eMCkxtNnXiEhMsFJOZ0HVfWFRhbdHkljP3hmF03YVvBY86wgKGk+PGLFLF5mKkk2OBUWH7x45T5h94asNpTNlfOMBow77wbyGXBQCmLCaXCRyDUuCBVvffrEzVP5wumDTJ5MH3M63gnmOIQ3hlpda9uCCDXIY9SBgHieDFJOsmJQxA7GKQ4mOI9MxUE4xddtcYs8bkBV1syLSACJrq5rEPgrMEK7XiO8D1jFP8K4+rgrVt786gOzu8Yb+QuLADbSbLzgdQIpp9g187w9lWu9RPiZCV2DgFUPWt4AB0nAKCvMNuSkIKtho+385EMYQ0IVwwx7rq+3EBGa7yIjo8YkIP3ioaTmugZqfjQKjg37v3l0SqsSvHvBFYOFg2p3DGwRKSoF4R4a3MFGYCqWF7gPHJvHUMaaE0vTfHdcVHk84YcASIeQxkQHgwpjt+JnucZICCeF07yicVd5NTWKaRFvjFOxvn1kCIkHBm6irHSuXDTF8mEfql1kChHQXeDgcYaGUsavzh1daweL77waCImmplU3i3k+GGsW4zVGBg46ylx8YT4cu8joydkwzQDsXCKEL04iXgLPOBHx7wCORfeURZzrRxtu2GyZq2t47CTLotMOa6P9uStJAiAip5bLiEsE0d0VtVL8gzAYNfqdo7or3jXFbtdKnfOFZugoGIfWvnDC5OpdjDtAdE7Q4ODIvMc50d/KL9GIYDWAEQt3iLqFJwOFeicjyZsLIKDjNKaqdLAGnac/lxtFWduOwKcVQh8ys+csE86B22rtmA2w3IdU2AQdTXlyRHpV5wSJi7ciDoByHyfi6wLwwNYQeVTohgcBci68+jUyVCVQDowyOWVh4NZfaj2ZcoJ5yQaIt9YyQnBmt4r73iSxCyuQ5ejvEAKF4wENJKxkAOS8ObFi4XRirhrff+IrbxkcLPOWEQlMmx84HJZknznky/OCIecE4lwr6ec57axgJyAf1iJvxm5ChSJdHy7nxjAs9gjU70fsy6Mh7AG2erir5o7SGqfMPrCm2npB3/WAf5Xkuh/1hNQt/Sc1xTj41iEE6toNn1joe4IBovQwnjkIPcJ1Q4wHlB9KXXKXJolTYI/V/eUyA3iLq8eM8RG9ZMaOPsYLkZa4PzjMNCHWtSfjIpJy4GQg4PVex64wg+agHEMJkop0JPB+2XeeINbXFQDFBG49mic7yU2tzbA487dYcUi+8mmydnjGCuh8Y4EhwvnCwLS69Ywi64wLWOgBgmmg3iBoFfxiMXL0awZOgp7yUweZ1gSwh5ONd4CS5rwxd/5+8LfnNAv36w12j8sYLbXnBdXrAcn5xkpkOCMwZjFG7yE4xb3jFIcYDsTARIObhTUKugILNbuUoQsGCDt2nNwIY2HO7GyfGNgigRjNB4XjIQx3ioncXChkqpFa4NPeWWwBlTX5IdYPGAUbVDw79d5dtiERAJT2a8dYlmsQQ0p98dBkOliaeNY6Tr63QnrUfvDz/OAmM7dbPjLq9ZElqKMomXVaM7OA/n8Y4C1x5x7pvQSvDfrWb9qkriT63f8AWA1ggqs88+87xhuDiqrYAb3/AFg3qmvCVE4N8OyZB/uREllfbtuerzV3vBEvzvBdHhxOgvl1hrO02Od2Yj0zkNTExSpMFpIabcYAkS7nPvHZLqFzX1LR242BCZs5wXQAf5NufPFjeusr2OClTeJVXby5ykwYTOR4y9ZsmauvOJveN6c5acujrGC3bjQsxokEXMcx29HiuG0x2yDg1E+cMsXltPpyBneM1qvzk8B4skT8U3vKyZAGTfDi0jrnJ5CGD5uu0vMxhBQjVTc0JOfnNdSGumfYqNwcxBmCgd9NTXjC0IOwsOMQijj4I/RhsdT1juQ1kCKSOKkMQeIL0mEQVk3RIfxlxBBQC7Qd4E0jQUDVB2dfWAwUFtPR+FjkhbRs8Pj3853jewEBye8p6AuhbCvn9azYAUh4UEB0BgEED5ygSuNZGIKG1mVwkHWOp/WGK+RE1iCS6lyiAOB5LSd4UBsIeGJwWBJxigEQ853jzxif4CuGlMmd3WLYcA+WD3g3cHm5VR/nJHBQTNDTnARwMdYjXJxeE77yv48YHYhjWEAuI02P7+sWsi07OjW1fa1XN6PzQsHyXbOdYzFRVPIjpxSIStmt29J19uDMU6pQHidHswcbpMrbPfDywmPlphLRDzu694zFJBqa3OLafRhn+qclh+z5xlprg9bMjcAH37xwCL3Mkpo5MAc51vjLA7rMBM8JO3GJTaexCnjGvUQuwunD0iUl2NLzf6xqMgVvUiHQmmbeMoMnrxneBRYkVFspx6wyn470WTmBX/zCHB4jrrAXob9M0SVozYu9SZQCMRwZFVWVM4RpVcbVDkc2AImjwGL2+M7K0/WKCVrrBPAuOfTBsuOsEjWVJkC3CD/vBq7x6Jnm4b11nkdmBj8NZbM3geHOJuuzGMS+Ms15MOFxicWbxQm2siDf3xzzwYK2uMEJSpbtaAgLiB4ucIafLq7mDXT2TY32a47xp9PBiI8LU1hhoGxMoiRlK4UUGVA0Qb4pyYVPFO6h8YC1e8l9k8sb9ZOavo36PdmJTR1EBtPOW4edOMSp0/ORcw33ic15xvgik4YyRNkK6wvp/WQAUoBiLoPPLn4WQBy/bipEUM4XO/jUzZYYTo07Gczf5w4GXjQQZBlOfOLdnKeMAlEnA6MvDq4TDAuneFqkc0wi74P3hQKl0yUEKwLXNirrGQjo37cQ0EPWKb5xHXjBCHPfj/BivJ+85Oej94Vxj0uznEjxrFDX7zeXjDaZxiCZ5mbhwiizG1noZsbgI24z/LFdHOG7Ex20dzzj3QFRceQ0QzUGsao1V8u/xxgB6oFT7nOr94JdQe/GvnrNY1FdO8fmCylT2JtLJlTUaAhHx8Yl3S7RSPAX5aMcB22V1z6Gn4yUI7GoPT3lfolI7w12o2GpiXcxiPnG2n2ZwkR05omg7LME2I0SAvhcPJLkXGABF+L3f8icesiPGObbQRYibRGO9OCsUKL3ctUr4ZQWn+cWbdGKe5gLx5xgDzDHGnHnLeXGpUTEES4APOsUNGCBDvnOc5Zy4mgVsyvGaHjDx3l3Dn/ealHw+Msxve8BuGt94tmONLynnBo+cQS8ZrDDJCOriAOPLKFoBua7l9EcMJtgu7hMNs2aDzMYU5Ev6zaOqUNzwfOcKsPgLoOe9Y+Awu12cnUoZIEmo1AdeXeUYSRqKX+Mp0JQO3czw8SvWIISo0xJa43c6RENpnKORuG0/hfGPjOAZmdSbcL9ZbOs/H+UjTnAIqrMQGroTXjjHGiAuXLilQqPWN5GcJg7eHHNECXD0AQ0ecWNTwXKPtgA5x+Mu85ab/g1hznDm+Gsr5wOhNFwFpHBV5w3bx3jvluQkSOEkwMT6YKY7td5N7x00TeI5o556zUPOaSdM0U7MIcnrKYsYgTr5zc4wJDYAuh+N4KLwA2cQ8H73rEEZJdQ8rhwmFcxPD/3GWF45PWzbTUMEoqYgq3RhANCOucLDSbPGd16nrKSoBrWbT+s0svGucCemTny57W68GQBPN4xbMcmrhj0cKQXlenLciroFP2Ew0kA06TKsriv4zlxgezzkVDh6zYnWLgysxOS/WTV/wAhxlLjkw0m9YlYFI095IiKS4B7x9cZcMGvvPyzbR1knefeca5xRlfrFCHXGIc4DTrIR2ObX6GH4GCV+VxpCKaPGJWLDznlT3ijalFX5c03RPfnHKK7pwTBi7+MUdPOJKtO02cOiEnVxBAIVNDgol5ThO8Zr+Y5fWJwpRSmPd1rbj1woyBBoesXU6fvAgPn/JkbvjC3GJ5BxeqgqQDj+A43xJlwcPBi23nNHGzvE7wHHfOC1c94JBYr6MEIVQaU5/nJk1pwB3U6P+MIsEUBw+81DI8Y894kY1/GPcw53nD6zpmCmArxc3tjhHOaXFODvCOjgtwiNN4xJv1lr0N2YZAMCFgH4YdI2YKIqceMhpDcfjH1gFG4xmuMSKkXUDWcmET1xifzNwJfoU4C684rJeBfDX+sX0RhK8p4Me6nQoohPLg97yZyQA0DoHi+Meo6OSOc4hgHB/kAzv8Aww5+8WtP1v8ArCK0aHnv7x5/xc4LNYOlyIxKk4cjBmRoBdfH1vKVW8s18YOkIQ8EvsFPW8UJLqmhvZW+OTNmbg0V2WkxgH7xswIzEgJio4pRroy6pVKsPGBfjI9ZCnzrDJkt+c0I848YPWXw47tyCaxjV1mwgfGcNmeOF5MN/wC8GEuC5wLp5yB5zl9YyeM2Q+85Kx0ANZfOANgPwz2ZcGHc0ZFDjhRh/wBvBFuIqbyDz94YAFCvlrkkFXOsslHBwmV5eZjZeaE84qYAdBigja+M2gImv8D/APg5xIBIq30QwgHB0yU/wYRH2XTKR9lnnFLIgBVfGCcDtapsnGl36mFLuCy8RG71NYYACpIxNnniPhwwunAGwX7E/GFwBKCC8p5fPrJuZwYvkqFgLyzz7xzTR5ysKUImAducK7D0kxW8YBdYRc23kecQmuf8As5worhqvWfesN+8SpvCjnjCC1uAHL+MrQg6TnCsR5DNwo87hy+SxJH8YbX5wDhHh/AZ8ZDqTYrP4xK1oYdLv18ZbFAK/wCMsO/T1iBoK6kmNF4OsJnQNmDNmlMsx7HOMZKczvKKznKT3/nn/MbeGDve8ecMl2LnWbTwxPAid4DWUWgsHoFD4fWBppumLQh3rzw4rq7tcVuvB6zrEwecKQ1naSmPr/HBlxTVVbXIXcMvFtWOQ1Lc42cZV1lX+85Os45YEFd4q9MAcKeGYeu8iGnFPO8S1N5AbRwJs4D1kfrOPOUcXAhWM1I+ZciTFSesoO3nEdlchefvEZAiaXnHYviYXrG6N5d3h3i3/wDQjzr/AAFOMP8AExwSYJ12/TfrGbpUVXHxcMAxwJ/gUza1k24iQyYZ/g8T/F1hNv6w5zhxj4x0c45lPebIYC5qus1ocZJZzi+8eYMv/wAYF84h9ZvJxntzZm8Vy/8A4rxlAdjlFrIr/wDRiJBDnAjP/wA2ilFTw4OjEPGEZnDMc6wFdZXHeLHFxf8AH/B7w5c6x6zpxw5x/t/j4zrHDkzg+f8ADkfH+HhnL8Yc4cuPP5zhnAxzkzvH/B4Z1hnePBnN/wAP/wCD/Dk/46zvOjDl8P4zrDOWPP8AgcOM7PjHvDH/AB//2Q==
6	Sahas Rastogi	sahasrastogi116@gmail.com	$2b$10$EZFn0SEJ.fm2yeGbinl7AOUhQhwoQu7nnIA9hlQm1ff4igvbX0p7m	student	\N	2026-03-16 14:33:15.108693	\N
7	Deepanshu Sirohi	deepanshu@gmail.com	$2b$10$viPPAs.ATE1ceKcYgxkIT.53ziEH6DwJ31G6On7fStb0kTc.KcQXe	student	1	2026-03-18 09:23:39.793453	\N
\.


--
-- Name: applications_id_seq; Type: SEQUENCE SET; Schema: public; Owner: adityasingh
--

SELECT pg_catalog.setval('public.applications_id_seq', 16, true);


--
-- Name: candidate_analysis_id_seq; Type: SEQUENCE SET; Schema: public; Owner: adityasingh
--

SELECT pg_catalog.setval('public.candidate_analysis_id_seq', 41, true);


--
-- Name: jobs_id_seq; Type: SEQUENCE SET; Schema: public; Owner: adityasingh
--

SELECT pg_catalog.setval('public.jobs_id_seq', 6, true);


--
-- Name: resumes_id_seq; Type: SEQUENCE SET; Schema: public; Owner: adityasingh
--

SELECT pg_catalog.setval('public.resumes_id_seq', 56, true);


--
-- Name: users_id_seq; Type: SEQUENCE SET; Schema: public; Owner: adityasingh
--

SELECT pg_catalog.setval('public.users_id_seq', 7, true);


--
-- Name: applications applications_pkey; Type: CONSTRAINT; Schema: public; Owner: adityasingh
--

ALTER TABLE ONLY public.applications
    ADD CONSTRAINT applications_pkey PRIMARY KEY (id);


--
-- Name: candidate_analysis candidate_analysis_pkey; Type: CONSTRAINT; Schema: public; Owner: adityasingh
--

ALTER TABLE ONLY public.candidate_analysis
    ADD CONSTRAINT candidate_analysis_pkey PRIMARY KEY (id);


--
-- Name: jobs jobs_pkey; Type: CONSTRAINT; Schema: public; Owner: adityasingh
--

ALTER TABLE ONLY public.jobs
    ADD CONSTRAINT jobs_pkey PRIMARY KEY (id);


--
-- Name: resumes resumes_pkey; Type: CONSTRAINT; Schema: public; Owner: adityasingh
--

ALTER TABLE ONLY public.resumes
    ADD CONSTRAINT resumes_pkey PRIMARY KEY (id);


--
-- Name: users users_email_key; Type: CONSTRAINT; Schema: public; Owner: adityasingh
--

ALTER TABLE ONLY public.users
    ADD CONSTRAINT users_email_key UNIQUE (email);


--
-- Name: users users_pkey; Type: CONSTRAINT; Schema: public; Owner: adityasingh
--

ALTER TABLE ONLY public.users
    ADD CONSTRAINT users_pkey PRIMARY KEY (id);


--
-- Name: applications applications_candidate_id_fkey; Type: FK CONSTRAINT; Schema: public; Owner: adityasingh
--

ALTER TABLE ONLY public.applications
    ADD CONSTRAINT applications_candidate_id_fkey FOREIGN KEY (candidate_id) REFERENCES public.users(id);


--
-- Name: applications applications_job_id_fkey; Type: FK CONSTRAINT; Schema: public; Owner: adityasingh
--

ALTER TABLE ONLY public.applications
    ADD CONSTRAINT applications_job_id_fkey FOREIGN KEY (job_id) REFERENCES public.jobs(id);


--
-- Name: candidate_analysis candidate_analysis_job_id_fkey; Type: FK CONSTRAINT; Schema: public; Owner: adityasingh
--

ALTER TABLE ONLY public.candidate_analysis
    ADD CONSTRAINT candidate_analysis_job_id_fkey FOREIGN KEY (job_id) REFERENCES public.jobs(id);


--
-- Name: candidate_analysis candidate_analysis_resume_id_fkey; Type: FK CONSTRAINT; Schema: public; Owner: adityasingh
--

ALTER TABLE ONLY public.candidate_analysis
    ADD CONSTRAINT candidate_analysis_resume_id_fkey FOREIGN KEY (resume_id) REFERENCES public.resumes(id);


--
-- Name: jobs jobs_recruiter_id_fkey; Type: FK CONSTRAINT; Schema: public; Owner: adityasingh
--

ALTER TABLE ONLY public.jobs
    ADD CONSTRAINT jobs_recruiter_id_fkey FOREIGN KEY (recruiter_id) REFERENCES public.users(id);


--
-- Name: resumes resumes_user_id_fkey; Type: FK CONSTRAINT; Schema: public; Owner: adityasingh
--

ALTER TABLE ONLY public.resumes
    ADD CONSTRAINT resumes_user_id_fkey FOREIGN KEY (user_id) REFERENCES public.users(id);


--
-- PostgreSQL database dump complete
--

\unrestrict 9X28UGlIABeh9e1LC9eL5P3XPkZYqH0Ebj0Pb4ThNMbpHGUxpEQL9lB638xpjnx

